2001-01-02 16:00:00,
2001-01-03 16:00:00,
2001-01-04 16:00:00,
2001-01-05 16:00:00,
2001-01-08 16:00:00,
2001-01-09 16:00:00,
2001-01-10 16:00:00,
2001-01-11 16:00:00,
2001-01-12 16:00:00,
2001-01-16 16:00:00,
2001-01-17 16:00:00,
2001-01-18 16:00:00,
2001-01-19 16:00:00,
2001-01-22 16:00:00,
2001-01-23 16:00:00,
2001-01-24 16:00:00,
2001-01-25 16:00:00,
2001-01-26 16:00:00,
2001-01-29 16:00:00,
2001-01-30 16:00:00,1.6008080716581616
2001-01-31 16:00:00,1.2188012262581125
2001-02-01 16:00:00,1.4420837628087904
2001-02-02 16:00:00,0.22627138165448785
2001-02-05 16:00:00,0.5321794784399145
2001-02-06 16:00:00,0.2778618897462915
2001-02-07 16:00:00,-0.1934290824309212
2001-02-08 16:00:00,-1.1347753285679993
2001-02-09 16:00:00,-1.8245202497249322
2001-02-12 16:00:00,-1.0725655507139702
2001-02-13 16:00:00,-1.659378319311832
2001-02-14 16:00:00,-1.6417491694612556
2001-02-15 16:00:00,-0.8751755088932127
2001-02-16 16:00:00,-2.081305242117626
2001-02-20 16:00:00,-2.3875088618296916
2001-02-21 16:00:00,-2.6092270243254223
2001-02-22 16:00:00,-2.1062851502337843
2001-02-23 16:00:00,-1.9680935577216159
2001-02-26 16:00:00,-1.1746871508086625
2001-02-27 16:00:00,-1.3108481670605325
2001-02-28 16:00:00,-1.6889583096732108
2001-03-01 16:00:00,-1.3883688001668018
2001-03-02 16:00:00,-1.4835519450096357
2001-03-05 16:00:00,-1.1022374185704202
2001-03-06 16:00:00,-0.7074028129089853
2001-03-07 16:00:00,-0.40737893739229014
2001-03-08 16:00:00,-0.2886521466271474
2001-03-09 16:00:00,-1.2623341292424344
2001-03-12 16:00:00,-2.3051361439399947
2001-03-13 16:00:00,-1.6325229443537885
2001-03-14 16:00:00,-1.9652336038728266
2001-03-15 16:00:00,-1.7519437147708217
2001-03-16 16:00:00,-2.1053434605654853
2001-03-19 16:00:00,-1.3992525256062056
2001-03-20 16:00:00,-1.8901920642513244
2001-03-21 16:00:00,-1.969737901734495
2001-03-22 16:00:00,-1.8809470301335398
2001-03-23 16:00:00,-1.1127460463438383
2001-03-26 16:00:00,-0.7553185305787001
2001-03-27 16:00:00,-0.2276037808206116
2001-03-28 16:00:00,-0.8073364149404735
2001-03-29 16:00:00,-0.6415292290245513
2001-03-30 16:00:00,-0.32842161222863686
2001-04-02 16:00:00,-0.7758064934959278
2001-04-03 16:00:00,-1.4902789960853629
2001-04-04 16:00:00,-1.3369054280588977
2001-04-05 16:00:00,-0.17161533916703728
2001-04-06 16:00:00,-0.696757472280503
2001-04-09 16:00:00,-0.14941072771534436
2001-04-10 16:00:00,0.8219418566722423
2001-04-11 16:00:00,0.8795529394808715
2001-04-12 16:00:00,1.7044097457336358
2001-04-16 16:00:00,1.083260803588377
2001-04-17 16:00:00,1.6378796714321915
2001-04-18 16:00:00,2.604026334733612
2001-04-19 16:00:00,2.4467178239498084
2001-04-20 16:00:00,1.866112523732416
2001-04-23 16:00:00,1.1821161433767287
2001-04-24 16:00:00,0.9369998821385667
2001-04-25 16:00:00,1.1982024725583238
2001-04-26 16:00:00,1.1880581552938547
2001-04-27 16:00:00,1.445575695873609
2001-04-30 16:00:00,1.4412105074145223
2001-05-01 16:00:00,1.3561808581559682
2001-05-02 16:00:00,1.2222836349917885
2001-05-03 16:00:00,0.8383252698008231
2001-05-04 16:00:00,1.191636781403987
2001-05-07 16:00:00,0.8833800035708514
2001-05-08 16:00:00,0.8073860795313571
2001-05-09 16:00:00,0.5892261772726443
2001-05-10 16:00:00,0.6385599394754369
2001-05-11 16:00:00,0.2529162430588087
2001-05-14 16:00:00,0.25173536648763506
2001-05-15 16:00:00,0.48834704447324995
2001-05-16 16:00:00,1.9928730788852693
2001-05-17 16:00:00,1.8138034892691828
2001-05-18 16:00:00,1.8110277271332462
2001-05-21 16:00:00,2.2952588463356456
2001-05-22 16:00:00,2.0231824651858212
2001-05-23 16:00:00,0.9600819308214689
2001-05-24 16:00:00,1.0452029416003024
2001-05-25 16:00:00,0.2519284330760677
2001-05-29 16:00:00,-0.2601733092045607
2001-05-30 16:00:00,-1.0625881870093037
2001-05-31 16:00:00,-0.7218498471189623
2001-06-01 16:00:00,-0.3971740806954368
2001-06-04 16:00:00,-0.10429928830903971
2001-06-05 16:00:00,0.5520438084044219
2001-06-06 16:00:00,-0.013386096676231947
2001-06-07 16:00:00,0.15961559071504566
2001-06-08 16:00:00,-0.4829997808795033
2001-06-11 16:00:00,-1.013101225728006
2001-06-12 16:00:00,-1.1650458393631218
2001-06-13 16:00:00,-1.6458636176532297
2001-06-14 16:00:00,-2.4231015193809204
2001-06-15 16:00:00,-1.9644803127245116
2001-06-18 16:00:00,-1.8756976491990403
2001-06-19 16:00:00,-1.5453256833667266
2001-06-20 16:00:00,-1.2292799844195648
2001-06-21 16:00:00,-0.6086817863633228
2001-06-22 16:00:00,-0.9177024273782881
2001-06-25 16:00:00,-1.266399134839881
2001-06-26 16:00:00,-1.2036818275857675
2001-06-27 16:00:00,-1.1177527456686283
2001-06-28 16:00:00,-0.7717098308055134
2001-06-29 16:00:00,-0.5293789535051585
2001-07-02 16:00:00,0.15295222199708822
2001-07-03 16:00:00,0.2642358527699698
2001-07-05 16:00:00,-0.818751925489431
2001-07-06 16:00:00,-2.055832480504332
2001-07-09 16:00:00,-1.6072362878079072
2001-07-10 16:00:00,-2.1449483354629697
2001-07-11 16:00:00,-1.8832599086055266
2001-07-12 16:00:00,-0.23383480829045475
2001-07-13 16:00:00,0.37560221235497643
2001-07-16 16:00:00,-0.4972796060703486
2001-07-17 16:00:00,0.15120088773408819
2001-07-18 16:00:00,-0.3168410239771262
2001-07-19 16:00:00,0.3230337433854044
2001-07-20 16:00:00,-0.04056294867850597
2001-07-23 16:00:00,-1.3674493393932077
2001-07-24 16:00:00,-1.7731367788134504
2001-07-25 16:00:00,-0.9655773712180974
2001-07-26 16:00:00,-0.2621798708873779
2001-07-27 16:00:00,0.02545818509171901
2001-07-30 16:00:00,0.09615564605385701
2001-07-31 16:00:00,0.5102000834264229
2001-08-01 16:00:00,1.1868761662792164
2001-08-02 16:00:00,1.451246388025144
2001-08-03 16:00:00,0.897073429551038
2001-08-06 16:00:00,-0.2509343563090164
2001-08-07 16:00:00,-0.008294651824127008
2001-08-08 16:00:00,-1.7274302350212123
2001-08-09 16:00:00,-1.3063502372572584
2001-08-10 16:00:00,-0.9096088278072382
2001-08-13 16:00:00,-0.8246968553723402
2001-08-14 16:00:00,-0.7759688729534192
2001-08-15 16:00:00,-1.3600565925491077
2001-08-16 16:00:00,-0.9810799977568665
2001-08-17 16:00:00,-1.9704285864497826
2001-08-20 16:00:00,-1.1967037373827076
2001-08-21 16:00:00,-2.1515574944929012
2001-08-22 16:00:00,-1.3475209385294697
2001-08-23 16:00:00,-1.3958579262058801
2001-08-24 16:00:00,-0.11976627058931678
2001-08-27 16:00:00,-0.4328803929473551
2001-08-28 16:00:00,-1.2076262991464328
2001-08-29 16:00:00,-1.593620416636939
2001-08-30 16:00:00,-2.404132110295025
2001-08-31 16:00:00,-1.8165051860507953
2001-09-04 16:00:00,-1.8924309299069506
2001-09-05 16:00:00,-1.5994982006928964
2001-09-06 16:00:00,-2.3749028202051274
2001-09-07 16:00:00,-2.490743746829151
2001-09-10 16:00:00,-1.771695637473571
2001-09-17 16:00:00,-2.6937874345956296
2001-09-18 16:00:00,-2.253279278755889
2001-09-19 16:00:00,-2.21886960702448
2001-09-20 16:00:00,-2.302028169677948
2001-09-21 16:00:00,-2.061083542623672
2001-09-24 16:00:00,-1.3791886806605365
2001-09-25 16:00:00,-1.1056118540326914
2001-09-26 16:00:00,-1.0459702263602337
2001-09-27 16:00:00,-0.8315533767418606
2001-09-28 16:00:00,-0.44113832527280744
2001-10-01 16:00:00,-0.3909667206799989
2001-10-02 16:00:00,-0.08846207539383145
2001-10-03 16:00:00,0.32534661541185367
2001-10-04 16:00:00,0.4169835502830409
2001-10-05 16:00:00,0.4790278552538818
2001-10-08 16:00:00,0.43341688444016224
2001-10-09 16:00:00,0.43677687872241094
2001-10-10 16:00:00,1.175820931985143
2001-10-11 16:00:00,1.5848567665991475
2001-10-12 16:00:00,1.4502312322894393
2001-10-15 16:00:00,1.2572819861177569
2001-10-16 16:00:00,1.2969347939940679
2001-10-17 16:00:00,0.6224525623192535
2001-10-18 16:00:00,0.4870147505974546
2001-10-19 16:00:00,0.38978764113084774
2001-10-22 16:00:00,1.0535675252660623
2001-10-23 16:00:00,0.7737844059225321
2001-10-24 16:00:00,0.5964785658280887
2001-10-25 16:00:00,1.5317152205955151
2001-10-26 16:00:00,1.3058329039041798
2001-10-29 16:00:00,-0.5468312109066111
2001-10-30 16:00:00,-1.4984457527543078
2001-10-31 16:00:00,-1.5893910302077532
2001-11-01 16:00:00,0.16906035183202062
2001-11-02 16:00:00,0.5992540731310614
2001-11-05 16:00:00,1.3947961473213122
2001-11-06 16:00:00,2.1802476729673694
2001-11-07 16:00:00,1.7852044385761556
2001-11-08 16:00:00,1.7540079350732058
2001-11-09 16:00:00,1.6061998093550103
2001-11-12 16:00:00,1.1619853409593563
2001-11-13 16:00:00,1.9693887680796511
2001-11-14 16:00:00,1.7418126842821395
2001-11-15 16:00:00,1.601387005480161
2001-11-16 16:00:00,1.278561868751293
2001-11-19 16:00:00,1.5619562260095021
2001-11-20 16:00:00,1.1164004203596964
2001-11-21 16:00:00,0.7795995361098401
2001-11-23 16:00:00,1.195084369249915
2001-11-26 16:00:00,1.1479724771466902
2001-11-27 16:00:00,0.906209679105119
2001-11-28 16:00:00,0.13366403871702678
2001-11-29 16:00:00,0.6731763027452522
2001-11-30 16:00:00,0.18885029216548008
2001-12-03 16:00:00,-0.38237490998915463
2001-12-04 16:00:00,0.9108705598939427
2001-12-05 16:00:00,2.1752140325446643
2001-12-06 16:00:00,1.8774395614442132
2001-12-07 16:00:00,1.2154277301303928
2001-12-10 16:00:00,-0.42235778630227433
2001-12-11 16:00:00,-0.7802545424149807
2001-12-12 16:00:00,-0.6473367485849583
2001-12-13 16:00:00,-2.131348888275783
2001-12-14 16:00:00,-1.2081187971997427
2001-12-17 16:00:00,-0.3624567442611817
2001-12-18 16:00:00,0.15910017813078609
2001-12-19 16:00:00,0.7000410232393122
2001-12-20 16:00:00,-0.14717732586229756
2001-12-21 16:00:00,0.10132939074910106
2001-12-24 16:00:00,-0.015919420417630965
2001-12-26 16:00:00,0.45991886814585836
2001-12-27 16:00:00,0.8857841458806918
2001-12-28 16:00:00,0.7834049692415321
2001-12-31 16:00:00,-0.4848391693128517
2002-01-02 16:00:00,0.365340426462449
2002-01-03 16:00:00,1.2565704984059258
2002-01-04 16:00:00,1.7987054913680192
2002-01-07 16:00:00,1.2522462949252895
2002-01-08 16:00:00,1.0537858530838435
2002-01-09 16:00:00,0.29535290183324525
2002-01-10 16:00:00,0.6137868852666201
2002-01-11 16:00:00,-0.2888422539801295
2002-01-14 16:00:00,-1.1111432122323994
2002-01-15 16:00:00,-0.39820918943486666
2002-01-16 16:00:00,-2.412814446995791
2002-01-17 16:00:00,-1.4784091158378683
2002-01-18 16:00:00,-1.6758420342965672
2002-01-22 16:00:00,-1.9684890723982167
2002-01-23 16:00:00,-1.2364713858613288
2002-01-24 16:00:00,-0.9345818132638526
2002-01-25 16:00:00,-0.8805145391169995
2002-01-28 16:00:00,-0.6060048818666576
2002-01-29 16:00:00,-2.3477759454057794
2002-01-30 16:00:00,-1.3291405074779514
2002-01-31 16:00:00,-0.5722230195926225
2002-02-01 16:00:00,-0.7733922923449639
2002-02-04 16:00:00,-2.066609174467804
2002-02-05 16:00:00,-2.10462872053884
2002-02-06 16:00:00,-2.0444997076800617
2002-02-07 16:00:00,-2.0255383940651144
2002-02-08 16:00:00,-1.0055237134336967
2002-02-11 16:00:00,-0.29727764478164054
2002-02-12 16:00:00,-0.4059980752246166
2002-02-13 16:00:00,0.29082570253512013
2002-02-14 16:00:00,0.19919917722556257
2002-02-15 16:00:00,-0.3854517904209506
2002-02-19 16:00:00,-1.4283828503324576
2002-02-20 16:00:00,-0.37142202352032216
2002-02-21 16:00:00,-1.4637084502059374
2002-02-22 16:00:00,-0.6627463968405389
2002-02-25 16:00:00,0.4484595044627572
2002-02-26 16:00:00,0.43234288716549824
2002-02-27 16:00:00,0.6646016712002746
2002-02-28 16:00:00,0.3630546689333503
2002-03-01 16:00:00,2.0130953602843062
2002-03-04 16:00:00,2.643842541145566
2002-03-05 16:00:00,2.030513573509563
2002-03-06 16:00:00,2.1913653248266387
2002-03-07 16:00:00,1.807468613376509
2002-03-08 16:00:00,1.7718111364871456
2002-03-11 16:00:00,1.628078566474859
2002-03-12 16:00:00,1.421452512227707
2002-03-13 16:00:00,0.9480959221082654
2002-03-14 16:00:00,0.81858013243428
2002-03-15 16:00:00,1.0689450136875909
2002-03-18 16:00:00,0.973892398673563
2002-03-19 16:00:00,1.123436901661399
2002-03-20 16:00:00,0.32818013746022273
2002-03-21 16:00:00,0.2546028330911099
2002-03-22 16:00:00,0.04613044108817249
2002-03-25 16:00:00,-0.7139006424392091
2002-03-26 16:00:00,-0.5357490294746815
2002-03-27 16:00:00,-0.5279066760152752
2002-03-28 16:00:00,-0.9213502251363157
2002-04-01 16:00:00,-1.0084168583422923
2002-04-02 16:00:00,-1.4493192671645063
2002-04-03 16:00:00,-1.8792621878831672
2002-04-04 16:00:00,-1.916186041002696
2002-04-05 16:00:00,-1.651201930457049
2002-04-08 16:00:00,-1.3315577095320648
2002-04-09 16:00:00,-1.6526680818021728
2002-04-10 16:00:00,-0.7471931823011763
2002-04-11 16:00:00,-2.1805089609211312
2002-04-12 16:00:00,-1.490560310190743
2002-04-15 16:00:00,-1.750338452045728
2002-04-16 16:00:00,-0.2161602585436504
2002-04-17 16:00:00,-0.2703651585564154
2002-04-18 16:00:00,-0.5408809099237252
2002-04-19 16:00:00,-0.15545705138591154
2002-04-22 16:00:00,-1.5040057684313795
2002-04-23 16:00:00,-1.6469461578477158
2002-04-24 16:00:00,-2.0763610120152314
2002-04-25 16:00:00,-1.7914249173475212
2002-04-26 16:00:00,-2.5094475075525797
2002-04-29 16:00:00,-2.32381049113406
2002-04-30 16:00:00,-1.6146894997507244
2002-05-01 16:00:00,-0.8785517558175149
2002-05-02 16:00:00,-0.9822889261563894
2002-05-03 16:00:00,-1.3836904155413825
2002-05-06 16:00:00,-2.005604660038067
2002-05-07 16:00:00,-1.85196050301459
2002-05-08 16:00:00,-0.23948826635939208
2002-05-09 16:00:00,-0.7005548627381629
2002-05-10 16:00:00,-1.370429043105467
2002-05-13 16:00:00,-0.46135142355869907
2002-05-14 16:00:00,0.5814318376077615
2002-05-15 16:00:00,0.5032865120737366
2002-05-16 16:00:00,0.882674378701627
2002-05-17 16:00:00,1.3323014080619182
2002-05-20 16:00:00,0.7288018177173808
2002-05-21 16:00:00,0.20503772287129954
2002-05-22 16:00:00,0.36885879026473267
2002-05-23 16:00:00,1.0409662229798555
2002-05-24 16:00:00,0.1608362579102944
2002-05-28 16:00:00,-0.24124688625933216
2002-05-29 16:00:00,-0.7120908101204269
2002-05-30 16:00:00,-0.8130342595697885
2002-05-31 16:00:00,-0.6289171259136276
2002-06-03 16:00:00,-1.9888110227984819
2002-06-04 16:00:00,-1.764312939678408
2002-06-05 16:00:00,-1.2991786518756283
2002-06-06 16:00:00,-2.016142326849416
2002-06-07 16:00:00,-1.787554748816264
2002-06-10 16:00:00,-1.5022116240402699
2002-06-11 16:00:00,-1.8778735257477557
2002-06-12 16:00:00,-1.4733279760784588
2002-06-13 16:00:00,-1.610868911294342
2002-06-14 16:00:00,-1.4907035196680158
2002-06-17 16:00:00,-0.5282436389629422
2002-06-18 16:00:00,-0.15705189045937842
2002-06-19 16:00:00,-0.9646925582533729
2002-06-20 16:00:00,-1.3285059088088043
2002-06-21 16:00:00,-1.7951940679036014
2002-06-24 16:00:00,-1.4729573473297188
2002-06-25 16:00:00,-2.0934067404332253
2002-06-26 16:00:00,-1.8029981643095077
2002-06-27 16:00:00,-1.0566543141437454
2002-06-28 16:00:00,-1.1741859017096667
2002-07-01 16:00:00,-1.7465591448914313
2002-07-02 16:00:00,-2.1579961400112238
2002-07-03 16:00:00,-1.752372804721194
2002-07-05 16:00:00,-0.31825711839045184
2002-07-08 16:00:00,-0.6969210959926783
2002-07-09 16:00:00,-1.4651660339575083
2002-07-10 16:00:00,-2.232548408141392
2002-07-11 16:00:00,-1.7313751666385824
2002-07-12 16:00:00,-1.7581090718808927
2002-07-15 16:00:00,-1.4386271562441546
2002-07-16 16:00:00,-1.7220102464239324
2002-07-17 16:00:00,-1.5714984074206348
2002-07-18 16:00:00,-2.0759275572276965
2002-07-19 16:00:00,-2.35957403799744
2002-07-22 16:00:00,-2.3583672546030408
2002-07-23 16:00:00,-2.2882689108729375
2002-07-24 16:00:00,-1.295302222157752
2002-07-25 16:00:00,-1.2725740654167266
2002-07-26 16:00:00,-0.9140106012470669
2002-07-29 16:00:00,-0.12874602128428433
2002-07-30 16:00:00,0.14145931937010436
2002-07-31 16:00:00,0.22509115226025658
2002-08-01 16:00:00,-0.17306363830369656
2002-08-02 16:00:00,-0.4916255755482709
2002-08-05 16:00:00,-1.0940285670150884
2002-08-06 16:00:00,-0.33562836603821944
2002-08-07 16:00:00,0.12013151299486702
2002-08-08 16:00:00,0.9545214668301677
2002-08-09 16:00:00,1.0685424602947733
2002-08-12 16:00:00,0.9309348919834107
2002-08-13 16:00:00,0.47872735358830154
2002-08-14 16:00:00,1.3877206787654053
2002-08-15 16:00:00,1.5610551824684384
2002-08-16 16:00:00,1.3268005168421149
2002-08-19 16:00:00,1.699475632748455
2002-08-20 16:00:00,1.4047131537714235
2002-08-21 16:00:00,1.604695546653971
2002-08-22 16:00:00,1.695163744374527
2002-08-23 16:00:00,1.00827850169554
2002-08-26 16:00:00,1.087751147859134
2002-08-27 16:00:00,0.7201073349435677
2002-08-28 16:00:00,0.12365841297034398
2002-08-29 16:00:00,0.09154958073559782
2002-08-30 16:00:00,-0.08956775462174608
2002-09-03 16:00:00,-1.4374185051210464
2002-09-04 16:00:00,-1.1424108058586016
2002-09-05 16:00:00,-1.488899406850844
2002-09-06 16:00:00,-0.9630863791977387
2002-09-09 16:00:00,-0.6867431256217343
2002-09-10 16:00:00,-0.3022902581808844
2002-09-11 16:00:00,-0.5981133538262332
2002-09-12 16:00:00,-1.1914607088103484
2002-09-13 16:00:00,-0.9995119250692838
2002-09-16 16:00:00,-0.8362909049179037
2002-09-17 16:00:00,-1.4595252782692798
2002-09-18 16:00:00,-1.5810321533496807
2002-09-19 16:00:00,-2.07102990120641
2002-09-20 16:00:00,-1.8918226413255081
2002-09-23 16:00:00,-1.8756011070489407
2002-09-24 16:00:00,-2.064756648315755
2002-09-25 16:00:00,-1.2903092337058464
2002-09-26 16:00:00,-0.7375538288888859
2002-09-27 16:00:00,-1.5888982359514137
2002-09-30 16:00:00,-1.6940685639733353
2002-10-01 16:00:00,-0.35958072553705595
2002-10-02 16:00:00,-1.0894083169184567
2002-10-03 16:00:00,-1.2236678569427957
2002-10-04 16:00:00,-1.5056575031637687
2002-10-07 16:00:00,-1.7705654916821127
2002-10-08 16:00:00,-1.3083762365413951
2002-10-09 16:00:00,-1.8136177687238928
2002-10-10 16:00:00,-0.9518747349752883
2002-10-11 16:00:00,0.2810496861771276
2002-10-14 16:00:00,0.6123276944025601
2002-10-15 16:00:00,2.1273392945985767
2002-10-16 16:00:00,1.301474216341487
2002-10-17 16:00:00,1.734321235947915
2002-10-18 16:00:00,1.6513166923009464
2002-10-21 16:00:00,1.842982673994426
2002-10-22 16:00:00,1.4600040349089545
2002-10-23 16:00:00,1.4724564934718827
2002-10-24 16:00:00,0.9354930959410582
2002-10-25 16:00:00,1.2608529152507095
2002-10-28 16:00:00,1.0088735043767867
2002-10-29 16:00:00,0.7095094494000999
2002-10-30 16:00:00,0.8338192157927522
2002-10-31 16:00:00,0.5496235383867853
2002-11-01 16:00:00,0.8822280778739849
2002-11-04 16:00:00,1.0217403622379002
2002-11-05 16:00:00,1.136063846078221
2002-11-06 16:00:00,1.5550274213200022
2002-11-07 16:00:00,0.7542362223299643
2002-11-08 16:00:00,0.13535644169290756
2002-11-11 16:00:00,-0.9058089447231166
2002-11-12 16:00:00,-0.4381707400428488
2002-11-13 16:00:00,-0.5316473223252076
2002-11-14 16:00:00,0.7134935824307795
2002-11-15 16:00:00,1.1247218043664589
2002-11-18 16:00:00,0.3815818867084233
2002-11-19 16:00:00,0.25306001036313364
2002-11-20 16:00:00,1.6326129409304422
2002-11-21 16:00:00,2.353533778949726
2002-11-22 16:00:00,1.6706775578086541
2002-11-25 16:00:00,1.5031299487120033
2002-11-26 16:00:00,0.435790105830244
2002-11-27 16:00:00,1.683975219959542
2002-11-29 16:00:00,1.380256578204491
2002-12-02 16:00:00,1.3096814840149136
2002-12-03 16:00:00,0.5899425694213176
2002-12-04 16:00:00,0.3518373483227461
2002-12-05 16:00:00,-0.1374817921185177
2002-12-06 16:00:00,0.14860994446314568
2002-12-09 16:00:00,-1.1900408662297617
2002-12-10 16:00:00,-0.6818480112629053
2002-12-11 16:00:00,-0.7361068712803269
2002-12-12 16:00:00,-0.8638979172323635
2002-12-13 16:00:00,-1.6779337453081906
2002-12-16 16:00:00,-0.21712027214070084
2002-12-17 16:00:00,-0.7433059468021133
2002-12-18 16:00:00,-1.3688724144139202
2002-12-19 16:00:00,-1.562199054221781
2002-12-20 16:00:00,-0.7326760193228941
2002-12-23 16:00:00,-0.6349993169431968
2002-12-24 16:00:00,-0.957331293943445
2002-12-26 16:00:00,-0.8587001173974026
2002-12-27 16:00:00,-1.9130706663264632
2002-12-30 16:00:00,-1.3666219644354425
2002-12-31 16:00:00,-1.2607262463215103
2003-01-02 16:00:00,1.009048729493437
2003-01-03 16:00:00,1.3175096666982917
2003-01-06 16:00:00,2.2741296450026853
2003-01-07 16:00:00,1.923893274706555
2003-01-08 16:00:00,0.9019171410526241
2003-01-09 16:00:00,1.6442806834092967
2003-01-10 16:00:00,1.5924289364209947
2003-01-13 16:00:00,1.4136847419094383
2003-01-14 16:00:00,1.4044960020148702
2003-01-15 16:00:00,0.8586446280141008
2003-01-16 16:00:00,0.6105134332629871
2003-01-17 16:00:00,-0.12568802632131
2003-01-21 16:00:00,-0.8963347658548814
2003-01-22 16:00:00,-1.3580796936091122
2003-01-23 16:00:00,-1.0238008155421814
2003-01-24 16:00:00,-1.9068134762699562
2003-01-27 16:00:00,-2.0639039649093025
2003-01-28 16:00:00,-1.7056804451858032
2003-01-29 16:00:00,-1.379647529281828
2003-01-30 16:00:00,-1.8762745195023869
2003-01-31 16:00:00,-1.2026622231382804
2003-02-03 16:00:00,-1.0413459612783686
2003-02-04 16:00:00,-1.1764745698134
2003-02-05 16:00:00,-1.21234167471848
2003-02-06 16:00:00,-1.1990480324848556
2003-02-07 16:00:00,-1.3627052531106496
2003-02-10 16:00:00,-1.088576646036131
2003-02-11 16:00:00,-1.1743852327976718
2003-02-12 16:00:00,-1.5202931344493644
2003-02-13 16:00:00,-1.3627249115866966
2003-02-14 16:00:00,-0.6292049264147559
2003-02-18 16:00:00,0.15632800545773806
2003-02-19 16:00:00,0.03584066283967695
2003-02-20 16:00:00,-0.38985700014745983
2003-02-21 16:00:00,0.3410556918994889
2003-02-24 16:00:00,-0.6773691039701395
2003-02-25 16:00:00,-0.09402539222825845
2003-02-26 16:00:00,-1.0124779270391902
2003-02-27 16:00:00,-0.008130368863596927
2003-02-28 16:00:00,0.476722958292027
2003-03-03 16:00:00,-0.17908593149005017
2003-03-04 16:00:00,-1.3724048682784258
2003-03-05 16:00:00,-0.5809791138699387
2003-03-06 16:00:00,-1.1928507447985333
2003-03-07 16:00:00,-0.5401779393906152
2003-03-10 16:00:00,-2.16527121282425
2003-03-11 16:00:00,-2.298108272740031
2003-03-12 16:00:00,-1.6592543033928286
2003-03-13 16:00:00,0.23258995726604922
2003-03-14 16:00:00,0.36285285165962405
2003-03-17 16:00:00,1.9470691529096948
2003-03-18 16:00:00,2.0368695832310273
2003-03-19 16:00:00,2.08490547922555
2003-03-20 16:00:00,1.8733298715530742
2003-03-21 16:00:00,2.2516734587646505
2003-03-24 16:00:00,0.9651170853067033
2003-03-25 16:00:00,1.1747895769033738
2003-03-26 16:00:00,0.9196527484782767
2003-03-27 16:00:00,0.8661343827252923
2003-03-28 16:00:00,0.6621369348976717
2003-03-31 16:00:00,-0.06566550442140531
2003-04-01 16:00:00,0.3464349892934053
2003-04-02 16:00:00,1.007035381315023
2003-04-03 16:00:00,0.7708924110865504
2003-04-04 16:00:00,0.8689874785135384
2003-04-07 16:00:00,0.7361632563658953
2003-04-08 16:00:00,0.7610908962212196
2003-04-09 16:00:00,0.04920005370378757
2003-04-10 16:00:00,0.28597770374189685
2003-04-11 16:00:00,-0.1739535410473214
2003-04-14 16:00:00,1.4473740426480741
2003-04-15 16:00:00,1.9035042656087797
2003-04-16 16:00:00,0.5468158650645539
2003-04-17 16:00:00,1.4897481768204712
2003-04-21 16:00:00,1.5683918008118092
2003-04-22 16:00:00,2.3321752163446545
2003-04-23 16:00:00,2.314678819138373
2003-04-24 16:00:00,1.6062440435234808
2003-04-25 16:00:00,0.9010459698568869
2003-04-28 16:00:00,1.5342822071381161
2003-04-29 16:00:00,1.6028393147493658
2003-04-30 16:00:00,1.3753501248366558
2003-05-01 16:00:00,1.2280913825631228
2003-05-02 16:00:00,1.6976384844063042
2003-05-05 16:00:00,1.425937145888515
2003-05-06 16:00:00,1.636753989504433
2003-05-07 16:00:00,1.2497007323649414
2003-05-08 16:00:00,0.7356602868604947
2003-05-09 16:00:00,1.2778842740491207
2003-05-12 16:00:00,1.7810411229524206
2003-05-13 16:00:00,1.5266662710049905
2003-05-14 16:00:00,1.276435774085746
2003-05-15 16:00:00,1.54017695010998
2003-05-16 16:00:00,1.2997370156115358
2003-05-19 16:00:00,-0.22454506656969117
2003-05-20 16:00:00,-0.4152374634046238
2003-05-21 16:00:00,-0.2935388960095309
2003-05-22 16:00:00,0.3235747370611051
2003-05-23 16:00:00,0.39497104790606713
2003-05-27 16:00:00,1.6863906710966043
2003-05-28 16:00:00,1.7000939103411759
2003-05-29 16:00:00,1.355195144373115
2003-05-30 16:00:00,2.2759261055516977
2003-06-02 16:00:00,2.136818531562719
2003-06-03 16:00:00,2.023928653590417
2003-06-04 16:00:00,2.3172636897239656
2003-06-05 16:00:00,2.1235632572185574
2003-06-06 16:00:00,1.710028821814513
2003-06-09 16:00:00,1.1282947008951565
2003-06-10 16:00:00,1.3985287019502293
2003-06-11 16:00:00,1.6058734274556414
2003-06-12 16:00:00,1.5200064092619452
2003-06-13 16:00:00,1.0255411928531815
2003-06-16 16:00:00,1.5620331169892139
2003-06-17 16:00:00,1.4197080264244046
2003-06-18 16:00:00,1.2889988071323117
2003-06-19 16:00:00,0.6640407534593892
2003-06-20 16:00:00,0.5049498983401791
2003-06-23 16:00:00,-0.0650242574328846
2003-06-24 16:00:00,-0.11547424946535291
2003-06-25 16:00:00,-0.8056710860178653
2003-06-26 16:00:00,-0.15933622892358293
2003-06-27 16:00:00,-1.107475354309897
2003-06-30 16:00:00,-1.1948405078818873
2003-07-01 16:00:00,-0.5392729087427416
2003-07-02 16:00:00,0.4759374422494326
2003-07-03 16:00:00,-0.3711655338612065
2003-07-07 16:00:00,1.173343942391251
2003-07-08 16:00:00,1.3737752813154749
2003-07-09 16:00:00,0.8364316353327141
2003-07-10 16:00:00,-0.1441661069958908
2003-07-11 16:00:00,0.6008724730059254
2003-07-14 16:00:00,0.9068372591866042
2003-07-15 16:00:00,0.7978570613893535
2003-07-16 16:00:00,0.3966581233254919
2003-07-17 16:00:00,-0.7241023151752565
2003-07-18 16:00:00,0.18371117746093504
2003-07-21 16:00:00,-0.8513659956156171
2003-07-22 16:00:00,-0.1050744222026059
2003-07-23 16:00:00,-0.07489263498682038
2003-07-24 16:00:00,-0.8397072529821218
2003-07-25 16:00:00,0.7424780403465225
2003-07-28 16:00:00,0.3144696740552832
2003-07-29 16:00:00,-0.28538089692157154
2003-07-30 16:00:00,-0.620618542222872
2003-07-31 16:00:00,-0.32485391836805433
2003-08-01 16:00:00,-1.3306055539625161
2003-08-04 16:00:00,-1.205622474079608
2003-08-05 16:00:00,-2.836618861833235
2003-08-06 16:00:00,-1.9585074171920582
2003-08-07 16:00:00,-0.9385125622746101
2003-08-08 16:00:00,-0.6191739370338958
2003-08-11 16:00:00,-0.20206742962115962
2003-08-12 16:00:00,0.786762779027894
2003-08-13 16:00:00,0.3059664707327009
2003-08-14 16:00:00,0.556974824811987
2003-08-15 16:00:00,0.8822963060569288
2003-08-18 16:00:00,1.5811522491051915
2003-08-19 16:00:00,1.7223650138021045
2003-08-20 16:00:00,1.237365238017899
2003-08-21 16:00:00,1.3476163498411393
2003-08-22 16:00:00,0.5283911297846149
2003-08-25 16:00:00,0.6671685258287455
2003-08-26 16:00:00,0.7772799189592866
2003-08-27 16:00:00,0.7444913044418289
2003-08-28 16:00:00,1.1654675513618518
2003-08-29 16:00:00,1.5046237654628734
2003-09-02 16:00:00,2.09131381309118
2003-09-03 16:00:00,2.2157422344136
2003-09-04 16:00:00,2.029011399634946
2003-09-05 16:00:00,1.4981236991640605
2003-09-08 16:00:00,1.8199250634519286
2003-09-09 16:00:00,1.260050877213901
2003-09-10 16:00:00,0.5106147977661988
2003-09-11 16:00:00,0.6391663755648586
2003-09-12 16:00:00,0.6932760115611177
2003-09-15 16:00:00,0.35200768300127117
2003-09-16 16:00:00,1.3429918964938656
2003-09-17 16:00:00,1.076597644263555
2003-09-18 16:00:00,1.7126113764666706
2003-09-19 16:00:00,1.2149096400793964
2003-09-22 16:00:00,0.370440171891542
2003-09-23 16:00:00,0.5881644778936665
2003-09-24 16:00:00,-1.053736714728479
2003-09-25 16:00:00,-1.9254502167787508
2003-09-26 16:00:00,-2.12998288162984
2003-09-29 16:00:00,-1.2301959418764001
2003-09-30 16:00:00,-1.808277001649831
2003-10-01 16:00:00,-0.0367973197942574
2003-10-02 16:00:00,0.3041243743521527
2003-10-03 16:00:00,1.0212083296711238
2003-10-06 16:00:00,1.3459695764105424
2003-10-07 16:00:00,1.4943110679335603
2003-10-08 16:00:00,1.171116452872022
2003-10-09 16:00:00,1.2380301472621813
2003-10-10 16:00:00,1.2948932154568384
2003-10-13 16:00:00,1.3428117810640148
2003-10-14 16:00:00,1.431170970050208
2003-10-15 16:00:00,1.1559607024279113
2003-10-16 16:00:00,1.3113928462507758
2003-10-17 16:00:00,0.6516277320742306
2003-10-20 16:00:00,0.988114251545213
2003-10-21 16:00:00,0.8256264710701676
2003-10-22 16:00:00,0.07160442943551336
2003-10-23 16:00:00,-0.12665883816441575
2003-10-24 16:00:00,-0.11659167136019581
2003-10-27 16:00:00,-0.19955710328965523
2003-10-28 16:00:00,0.9851577526971595
2003-10-29 16:00:00,1.106540730275521
2003-10-30 16:00:00,1.3549562226160878
2003-10-31 16:00:00,1.103008324396336
2003-11-03 16:00:00,1.8070129652453397
2003-11-04 16:00:00,1.341363703955119
2003-11-05 16:00:00,1.2970728012027177
2003-11-06 16:00:00,1.7237814852758295
2003-11-07 16:00:00,0.7342132038859593
2003-11-10 16:00:00,0.2276683498969968
2003-11-11 16:00:00,0.19477479211481633
2003-11-12 16:00:00,1.3975349607056533
2003-11-13 16:00:00,1.3211142825117859
2003-11-14 16:00:00,0.3313058580812848
2003-11-17 16:00:00,-0.2254332500895716
2003-11-18 16:00:00,-1.2640980180538126
2003-11-19 16:00:00,-0.4689007486781569
2003-11-20 16:00:00,-1.5679435476546804
2003-11-21 16:00:00,-1.189356384122903
2003-11-24 16:00:00,0.38542821119319154
2003-11-25 16:00:00,0.8274724556551055
2003-11-26 16:00:00,1.19600134316353
2003-11-28 16:00:00,1.1855636845713942
2003-12-01 16:00:00,2.111259751962013
2003-12-02 16:00:00,1.6301900147656092
2003-12-03 16:00:00,1.33129903470617
2003-12-04 16:00:00,1.5423008954699342
2003-12-05 16:00:00,0.8693401070793277
2003-12-08 16:00:00,1.329407318705895
2003-12-09 16:00:00,0.5983764456773795
2003-12-10 16:00:00,0.5278325780562554
2003-12-11 16:00:00,1.3586581075297226
2003-12-12 16:00:00,1.376714357730948
2003-12-15 16:00:00,0.8907443267158506
2003-12-16 16:00:00,1.1640271015677182
2003-12-17 16:00:00,1.3211309866302894
2003-12-18 16:00:00,1.9562593866477913
2003-12-19 16:00:00,1.6787344819832133
2003-12-22 16:00:00,2.1525219193555554
2003-12-23 16:00:00,1.9459298131697644
2003-12-24 16:00:00,1.653411462641234
2003-12-26 16:00:00,1.5348534715874171
2003-12-29 16:00:00,2.2145794843660265
2003-12-30 16:00:00,1.8845947926865874
2003-12-31 16:00:00,1.6949105657775843
2004-01-02 16:00:00,1.4801005395719748
2004-01-05 16:00:00,1.8491546117187445
2004-01-06 16:00:00,1.6888954098444957
2004-01-07 16:00:00,1.6490240373125205
2004-01-08 16:00:00,1.6726617185409576
2004-01-09 16:00:00,1.115064073121253
2004-01-12 16:00:00,1.3811614832281205
2004-01-13 16:00:00,0.9586400921772517
2004-01-14 16:00:00,1.3487222032577455
2004-01-15 16:00:00,1.397394348065616
2004-01-16 16:00:00,1.5355421374204368
2004-01-20 16:00:00,1.3744076341764238
2004-01-21 16:00:00,1.737182448991426
2004-01-22 16:00:00,1.4132925407292372
2004-01-23 16:00:00,1.1004925951561626
2004-01-26 16:00:00,1.8332876214236706
2004-01-27 16:00:00,1.0214412786224691
2004-01-28 16:00:00,0.01031766283882573
2004-01-29 16:00:00,0.0038980083649529933
2004-01-30 16:00:00,-0.09582589735987586
2004-02-02 16:00:00,0.26750011316844946
2004-02-03 16:00:00,-0.002624376482519124
2004-02-04 16:00:00,-1.0784543877008936
2004-02-05 16:00:00,-0.7263985668967222
2004-02-06 16:00:00,0.6742068265572377
2004-02-09 16:00:00,0.6269820094207669
2004-02-10 16:00:00,0.9750984257327462
2004-02-11 16:00:00,2.164970337547999
2004-02-12 16:00:00,1.4746566304744009
2004-02-13 16:00:00,0.8093174649967056
2004-02-17 16:00:00,1.704891457585244
2004-02-18 16:00:00,1.0777788035086127
2004-02-19 16:00:00,0.6474826765489458
2004-02-20 16:00:00,0.2934064352048588
2004-02-23 16:00:00,-0.0052426231511563
2004-02-24 16:00:00,-0.12442180232401755
2004-02-25 16:00:00,0.3528034948469024
2004-02-26 16:00:00,0.3580561211220172
2004-02-27 16:00:00,0.37789651527505336
2004-03-01 16:00:00,1.4825210874699088
2004-03-02 16:00:00,0.6560204060599855
2004-03-03 16:00:00,0.8063506897384979
2004-03-04 16:00:00,1.1341806299554313
2004-03-05 16:00:00,1.6876813633437513
2004-03-08 16:00:00,-0.6010452570676031
2004-03-09 16:00:00,-1.3605113740821115
2004-03-10 16:00:00,-3.0603580329556284
2004-03-11 16:00:00,-3.1200547419569555
2004-03-12 16:00:00,-1.6780428044911515
2004-03-15 16:00:00,-2.1990202295184176
2004-03-16 16:00:00,-1.599912865696401
2004-03-17 16:00:00,-0.7542372360145764
2004-03-18 16:00:00,-0.6646286812784261
2004-03-19 16:00:00,-1.467188852704797
2004-03-22 16:00:00,-1.925097740821292
2004-03-23 16:00:00,-1.7425641514429517
2004-03-24 16:00:00,-1.4967632915686744
2004-03-25 16:00:00,-0.7684170922567465
2004-03-26 16:00:00,-0.6775584567413254
2004-03-29 16:00:00,0.09984101858655907
2004-03-30 16:00:00,0.3520852067075703
2004-03-31 16:00:00,0.5015745581771459
2004-04-01 16:00:00,0.9840453314923838
2004-04-02 16:00:00,1.6448772347694527
2004-04-05 16:00:00,1.9325547196941633
2004-04-06 16:00:00,1.6310576130619039
2004-04-07 16:00:00,1.333151053477238
2004-04-08 16:00:00,1.0752357410108477
2004-04-12 16:00:00,1.1958206252846468
2004-04-13 16:00:00,0.30250636574984635
2004-04-14 16:00:00,0.3463423637076442
2004-04-15 16:00:00,0.11154043086883053
2004-04-16 16:00:00,0.5413373235080207
2004-04-19 16:00:00,0.47638251970749906
2004-04-20 16:00:00,-0.6739206280603437
2004-04-21 16:00:00,-0.37483740366917323
2004-04-22 16:00:00,0.6536698894893127
2004-04-23 16:00:00,0.67606689946091
2004-04-26 16:00:00,0.4554418491008926
2004-04-27 16:00:00,0.49924324904757506
2004-04-28 16:00:00,-1.1935385933958111
2004-04-29 16:00:00,-2.0230143207806264
2004-04-30 16:00:00,-2.3221202601026896
2004-05-03 16:00:00,-1.1692286235551368
2004-05-04 16:00:00,-1.1420938156354572
2004-05-05 16:00:00,-0.43771643887775513
2004-05-06 16:00:00,-1.1991711066680444
2004-05-07 16:00:00,-2.326503458469382
2004-05-10 16:00:00,-2.551802677083356
2004-05-11 16:00:00,-1.6751436339576473
2004-05-12 16:00:00,-1.1203556709530944
2004-05-13 16:00:00,-1.2562267408297176
2004-05-14 16:00:00,-1.103523484775376
2004-05-17 16:00:00,-1.4681114558368717
2004-05-18 16:00:00,-1.0649534300854824
2004-05-19 16:00:00,-1.144749322043379
2004-05-20 16:00:00,-0.8732216466684674
2004-05-21 16:00:00,-0.6961813578828628
2004-05-24 16:00:00,-0.339266009712959
2004-05-25 16:00:00,0.9440361045300361
2004-05-26 16:00:00,1.3316423157307753
2004-05-27 16:00:00,1.6977125947309493
2004-05-28 16:00:00,1.5117492086857107
2004-06-01 16:00:00,1.3547528874577452
2004-06-02 16:00:00,1.5332612933890835
2004-06-03 16:00:00,0.8835106576942643
2004-06-04 16:00:00,1.39842629594541
2004-06-07 16:00:00,2.0915825202675347
2004-06-08 16:00:00,1.8902828528024596
2004-06-09 16:00:00,1.1730583737084046
2004-06-10 16:00:00,1.3193222922863694
2004-06-14 16:00:00,0.6578211858625057
2004-06-15 16:00:00,0.9761426908896982
2004-06-16 16:00:00,0.8828966826081491
2004-06-17 16:00:00,0.7135220658176239
2004-06-18 16:00:00,0.7751303224762324
2004-06-21 16:00:00,0.4126482972066689
2004-06-22 16:00:00,0.8193764301554203
2004-06-23 16:00:00,1.7686304526673913
2004-06-24 16:00:00,1.2827478940888788
2004-06-25 16:00:00,0.5829530828026754
2004-06-28 16:00:00,0.05451604907682288
2004-06-29 16:00:00,0.5697772505175904
2004-06-30 16:00:00,1.2475897527418007
2004-07-01 16:00:00,-0.9055078264609904
2004-07-02 16:00:00,-1.2855967707934473
2004-07-06 16:00:00,-2.518453938948241
2004-07-07 16:00:00,-1.7663566022428299
2004-07-08 16:00:00,-2.3042232190724685
2004-07-09 16:00:00,-1.7031748515659442
2004-07-12 16:00:00,-1.4609029025103841
2004-07-13 16:00:00,-1.2715285234452705
2004-07-14 16:00:00,-1.4261985254552152
2004-07-15 16:00:00,-1.7961182056003127
2004-07-16 16:00:00,-1.6340361061043462
2004-07-19 16:00:00,-1.732656112875703
2004-07-20 16:00:00,-0.643680418755037
2004-07-21 16:00:00,-1.8455701088616783
2004-07-22 16:00:00,-1.4984541164154002
2004-07-23 16:00:00,-1.883755354961928
2004-07-26 16:00:00,-1.7721852217701217
2004-07-27 16:00:00,-1.0191866459797734
2004-07-28 16:00:00,-0.7319004024991185
2004-07-29 16:00:00,-0.32332200684307005
2004-07-30 16:00:00,-0.01619283519121661
2004-08-02 16:00:00,0.3008954759851093
2004-08-03 16:00:00,-0.4813351654382789
2004-08-04 16:00:00,-0.4178642625902438
2004-08-05 16:00:00,-1.9849443785584093
2004-08-06 16:00:00,-2.6682297211013464
2004-08-09 16:00:00,-2.1345228845538444
2004-08-10 16:00:00,-1.0343808617609205
2004-08-11 16:00:00,-1.090788592484963
2004-08-12 16:00:00,-1.7198730543576306
2004-08-13 16:00:00,-1.3990288564134512
2004-08-16 16:00:00,-0.5763808610513781
2004-08-17 16:00:00,-0.07222148728635255
2004-08-18 16:00:00,0.743278879003847
2004-08-19 16:00:00,0.5173398354290853
2004-08-20 16:00:00,0.9973757633086842
2004-08-23 16:00:00,0.7326344222376545
2004-08-24 16:00:00,0.8097783160062024
2004-08-25 16:00:00,1.257393870171116
2004-08-26 16:00:00,1.2152706319024897
2004-08-27 16:00:00,1.3925999365683006
2004-08-30 16:00:00,0.8326799865906931
2004-08-31 16:00:00,1.1500975600085155
2004-09-01 16:00:00,1.2085179585625516
2004-09-02 16:00:00,1.7224242191160906
2004-09-03 16:00:00,1.3311269502450838
2004-09-07 16:00:00,1.6042203966153754
2004-09-08 16:00:00,1.2971195794187667
2004-09-09 16:00:00,1.1226121428419278
2004-09-10 16:00:00,1.394396244309486
2004-09-13 16:00:00,1.5974235202630092
2004-09-14 16:00:00,1.6552960061837205
2004-09-15 16:00:00,0.9390840628451206
2004-09-16 16:00:00,1.1070008310535258
2004-09-17 16:00:00,1.3905777774535666
2004-09-20 16:00:00,0.7261698226637054
2004-09-21 16:00:00,1.0779611282331625
2004-09-22 16:00:00,-0.36653645040867144
2004-09-23 16:00:00,-1.0225293170906777
2004-09-24 16:00:00,-0.5578543885782358
2004-09-27 16:00:00,-1.3012776454109378
2004-09-28 16:00:00,-0.8844899606891691
2004-09-29 16:00:00,-0.29717269205865937
2004-09-30 16:00:00,-0.4972052250285576
2004-10-01 16:00:00,1.8582135891474134
2004-10-04 16:00:00,1.8069221699833806
2004-10-05 16:00:00,1.6472971516941104
2004-10-06 16:00:00,2.059145667521547
2004-10-07 16:00:00,0.8161812644810296
2004-10-08 16:00:00,-0.04826300013525163
2004-10-11 16:00:00,0.37409502796360244
2004-10-12 16:00:00,-0.007114796104645402
2004-10-13 16:00:00,-0.8816105806167566
2004-10-14 16:00:00,-1.509457783284865
2004-10-15 16:00:00,-0.8873943813387486
2004-10-18 16:00:00,-0.49344868080088666
2004-10-19 16:00:00,-1.154986023873021
2004-10-20 16:00:00,-1.2463472728131701
2004-10-21 16:00:00,-0.6928348687029766
2004-10-22 16:00:00,-1.5401597897049728
2004-10-25 16:00:00,-1.534443006754485
2004-10-26 16:00:00,-0.33927268097771673
2004-10-27 16:00:00,0.5848747441871067
2004-10-28 16:00:00,0.7628097279564593
2004-10-29 16:00:00,0.7820739719410523
2004-11-01 16:00:00,1.0256113672102156
2004-11-02 16:00:00,1.0896032670555056
2004-11-03 16:00:00,2.080120869630923
2004-11-04 16:00:00,2.550254747782539
2004-11-05 16:00:00,2.3608282260135827
2004-11-08 16:00:00,1.9408938327099419
2004-11-09 16:00:00,1.6127732906897179
2004-11-10 16:00:00,1.459184455514016
2004-11-11 16:00:00,1.5840691125332813
2004-11-12 16:00:00,1.67605767820229
2004-11-15 16:00:00,1.559705726207874
2004-11-16 16:00:00,1.1603862747037157
2004-11-17 16:00:00,1.2597950826927242
2004-11-18 16:00:00,1.1905247435728885
2004-11-19 16:00:00,0.6818014026827768
2004-11-22 16:00:00,0.831408684239451
2004-11-23 16:00:00,0.8428860923784636
2004-11-24 16:00:00,0.8906358727694232
2004-11-26 16:00:00,0.7738688990373799
2004-11-29 16:00:00,0.41866093586006853
2004-11-30 16:00:00,0.3895613248268822
2004-12-01 16:00:00,1.4497396597091674
2004-12-02 16:00:00,1.6022152698200178
2004-12-03 16:00:00,1.4198363780371903
2004-12-06 16:00:00,1.2374800188209105
2004-12-07 16:00:00,-0.13501151132377437
2004-12-08 16:00:00,0.6647314349477427
2004-12-09 16:00:00,1.2537701374224386
2004-12-10 16:00:00,1.3247120402070836
2004-12-13 16:00:00,2.4170011285530193
2004-12-14 16:00:00,2.3720261586583384
2004-12-15 16:00:00,2.0712579341747315
2004-12-16 16:00:00,1.7252852574590214
2004-12-17 16:00:00,0.8713302522439633
2004-12-20 16:00:00,0.8230239413090308
2004-12-21 16:00:00,1.5372540042033869
2004-12-22 16:00:00,1.6117901081579378
2004-12-23 16:00:00,1.494201690974183
2004-12-27 16:00:00,1.1562934486929088
2004-12-28 16:00:00,1.5935968559284794
2004-12-29 16:00:00,1.616883904593846
2004-12-30 16:00:00,1.2571239458251664
2004-12-31 16:00:00,0.9282180592765746
2005-01-03 16:00:00,0.3509817688094678
2005-01-04 16:00:00,-1.0375681237523278
2005-01-05 16:00:00,-1.925021993879363
2005-01-06 16:00:00,-1.3918793065289405
2005-01-07 16:00:00,-1.5335420057264075
2005-01-10 16:00:00,-1.0010396814452445
2005-01-11 16:00:00,-1.6137510584251373
2005-01-12 16:00:00,-1.1360798587413201
2005-01-13 16:00:00,-1.7252926334889733
2005-01-14 16:00:00,-1.0881618113975071
2005-01-18 16:00:00,-0.09136143877704435
2005-01-19 16:00:00,-1.0266135124295361
2005-01-20 16:00:00,-1.4136568692169111
2005-01-21 16:00:00,-1.7031049531377445
2005-01-24 16:00:00,-1.6431184006109656
2005-01-25 16:00:00,-1.2787418138682642
2005-01-26 16:00:00,-0.9538629221319739
2005-01-27 16:00:00,-0.7499719961262993
2005-01-28 16:00:00,-0.691059434031933
2005-01-31 16:00:00,0.09424549108083706
2005-02-01 16:00:00,1.1356719011025131
2005-02-02 16:00:00,1.5009608041572242
2005-02-03 16:00:00,1.0353600561219447
2005-02-04 16:00:00,2.1254277286089978
2005-02-07 16:00:00,1.7197643903814648
2005-02-08 16:00:00,1.6718926589412133
2005-02-09 16:00:00,0.8185187722564959
2005-02-10 16:00:00,1.0981291994987326
2005-02-11 16:00:00,1.691681372834342
2005-02-14 16:00:00,1.4461178115687152
2005-02-15 16:00:00,1.594601725299672
2005-02-16 16:00:00,1.4597499940774101
2005-02-17 16:00:00,0.7561284353220975
2005-02-18 16:00:00,0.772267423592125
2005-02-22 16:00:00,-0.5482907002176648
2005-02-23 16:00:00,-0.019921750567013806
2005-02-24 16:00:00,0.561734610555034
2005-02-25 16:00:00,1.522719094085706
2005-02-28 16:00:00,0.7148129606103599
2005-03-01 16:00:00,1.3078164143021294
2005-03-02 16:00:00,1.1326493011309913
2005-03-03 16:00:00,1.0786165546587927
2005-03-04 16:00:00,2.433733719415231
2005-03-07 16:00:00,2.0653935193992696
2005-03-08 16:00:00,1.43204498982151
2005-03-09 16:00:00,0.15079293002147204
2005-03-10 16:00:00,0.32514104654598713
2005-03-11 16:00:00,-0.5610060073804496
2005-03-14 16:00:00,0.17844480804269133
2005-03-15 16:00:00,-0.7851040400490322
2005-03-16 16:00:00,-1.5769593574323153
2005-03-17 16:00:00,-1.2275514610493623
2005-03-18 16:00:00,-1.405334889392162
2005-03-21 16:00:00,-1.5796509461920416
2005-03-22 16:00:00,-2.2521902112980543
2005-03-23 16:00:00,-1.9189207689597718
2005-03-24 16:00:00,-1.6135277537089128
2005-03-28 16:00:00,-1.3454944001019364
2005-03-29 16:00:00,-1.5709150923818562
2005-03-30 16:00:00,-0.6180174418218257
2005-03-31 16:00:00,-0.6643246176302243
2005-04-01 16:00:00,-0.8604775346001224
2005-04-04 16:00:00,-0.6816026695490845
2005-04-05 16:00:00,-0.2639410632237395
2005-04-06 16:00:00,0.13109382726404414
2005-04-07 16:00:00,0.7225841799245689
2005-04-08 16:00:00,-0.212477475554465
2005-04-11 16:00:00,-0.045474142651485056
2005-04-12 16:00:00,0.8082211112215292
2005-04-13 16:00:00,-0.8433535423745661
2005-04-14 16:00:00,-2.327280216559248
2005-04-15 16:00:00,-2.9640548469135
2005-04-18 16:00:00,-2.1734970176591375
2005-04-19 16:00:00,-1.3237211679588985
2005-04-20 16:00:00,-2.084977543042523
2005-04-21 16:00:00,-0.6311357094160627
2005-04-22 16:00:00,-0.8427976928069558
2005-04-25 16:00:00,-0.3377444747945561
2005-04-26 16:00:00,-0.9734906694289911
2005-04-27 16:00:00,-0.6295027019373906
2005-04-28 16:00:00,-1.3470815063657304
2005-04-29 16:00:00,-0.38750259792634006
2005-05-02 16:00:00,0.032253435932843695
2005-05-03 16:00:00,0.2121362203253895
2005-05-04 16:00:00,0.8410278288349542
2005-05-05 16:00:00,0.9560337322564494
2005-05-06 16:00:00,0.752083259145838
2005-05-09 16:00:00,1.3208520462618303
2005-05-10 16:00:00,0.5483139899985343
2005-05-11 16:00:00,1.0895044707209018
2005-05-12 16:00:00,-0.011727708016197472
2005-05-13 16:00:00,-0.2928110236902224
2005-05-16 16:00:00,0.6138194249937838
2005-05-17 16:00:00,1.2194220736075272
2005-05-18 16:00:00,2.149606640751374
2005-05-19 16:00:00,2.140232721932668
2005-05-20 16:00:00,1.7323081506170896
2005-05-23 16:00:00,1.8918781980061703
2005-05-24 16:00:00,1.5189357290500833
2005-05-25 16:00:00,1.3081406064684906
2005-05-26 16:00:00,1.6443485638756798
2005-05-27 16:00:00,1.5933224593009914
2005-05-31 16:00:00,0.958330779913881
2005-06-01 16:00:00,1.4863361551190746
2005-06-02 16:00:00,1.4644658693707095
2005-06-03 16:00:00,0.9803963140019342
2005-06-06 16:00:00,0.8205969994265677
2005-06-07 16:00:00,0.798899650955165
2005-06-08 16:00:00,0.5860113830009547
2005-06-09 16:00:00,0.8667477647388538
2005-06-10 16:00:00,0.619979959774189
2005-06-13 16:00:00,0.9497290235010382
2005-06-14 16:00:00,1.3178116476308177
2005-06-15 16:00:00,1.7489871698842554
2005-06-16 16:00:00,2.0338737962987725
2005-06-17 16:00:00,2.2824031216229415
2005-06-20 16:00:00,2.037007154815626
2005-06-21 16:00:00,1.8290912381454372
2005-06-22 16:00:00,1.7271902096545086
2005-06-23 16:00:00,-0.4692775126799402
2005-06-24 16:00:00,-1.505414331862591
2005-06-27 16:00:00,-1.2209911256326895
2005-06-28 16:00:00,-0.072132014031382
2005-06-29 16:00:00,-0.47043968105159384
2005-06-30 16:00:00,-1.187188389468165
2005-07-01 16:00:00,-0.7381004655794436
2005-07-05 16:00:00,0.3704163532713804
2005-07-06 16:00:00,-0.8558742948361213
2005-07-07 16:00:00,-0.31918536230454686
2005-07-08 16:00:00,1.2468392840884732
2005-07-11 16:00:00,1.7173192254888265
2005-07-12 16:00:00,1.7787963419496968
2005-07-13 16:00:00,1.695722591248517
2005-07-14 16:00:00,1.8349180514410515
2005-07-15 16:00:00,1.5772195469954118
2005-07-18 16:00:00,1.1216611939517098
2005-07-19 16:00:00,1.4708375962525178
2005-07-20 16:00:00,1.584800098259847
2005-07-21 16:00:00,1.0414447623692964
2005-07-22 16:00:00,1.3967178455723177
2005-07-25 16:00:00,1.0749694113843433
2005-07-26 16:00:00,1.0703248209497824
2005-07-27 16:00:00,1.2258236780708323
2005-07-28 16:00:00,1.5433511748026836
2005-07-29 16:00:00,0.9517414371355386
2005-08-01 16:00:00,0.8229042547348941
2005-08-02 16:00:00,1.2651359095923531
2005-08-03 16:00:00,1.5148479747198247
2005-08-04 16:00:00,0.59518506167587
2005-08-05 16:00:00,-0.5123670782454439
2005-08-08 16:00:00,-0.9187986944628234
2005-08-09 16:00:00,0.046969916566180527
2005-08-10 16:00:00,-0.1291494260111283
2005-08-11 16:00:00,0.5806530019618377
2005-08-12 16:00:00,-0.647516003505422
2005-08-15 16:00:00,0.4968344066495663
2005-08-16 16:00:00,-2.0366251218677314
2005-08-17 16:00:00,-1.7775044897317658
2005-08-18 16:00:00,-1.665517825596096
2005-08-19 16:00:00,-1.156485689718132
2005-08-22 16:00:00,-1.0750188752014802
2005-08-23 16:00:00,-1.2414312936396141
2005-08-24 16:00:00,-2.1141317881872186
2005-08-25 16:00:00,-1.4941171240360873
2005-08-26 16:00:00,-1.9969791339551028
2005-08-29 16:00:00,-0.9952240088687255
2005-08-30 16:00:00,-1.4649286712706833
2005-08-31 16:00:00,0.12598233340938816
2005-09-01 16:00:00,0.09769820616592671
2005-09-02 16:00:00,-0.12210676415616274
2005-09-06 16:00:00,1.4200866146915359
2005-09-07 16:00:00,1.558712466853456
2005-09-08 16:00:00,1.097233093971444
2005-09-09 16:00:00,2.063738466459338
2005-09-12 16:00:00,1.6318239878977712
2005-09-13 16:00:00,1.0174574509787875
2005-09-14 16:00:00,0.5550165652037748
2005-09-15 16:00:00,0.4577382579005441
2005-09-16 16:00:00,1.135509001625935
2005-09-19 16:00:00,0.7096872527976585
2005-09-20 16:00:00,-0.20930551109870876
2005-09-21 16:00:00,-1.134894205962016
2005-09-22 16:00:00,-0.8322943043865083
2005-09-23 16:00:00,-0.7694948512999975
2005-09-26 16:00:00,-0.769883954595581
2005-09-27 16:00:00,-0.8268179254417798
2005-09-28 16:00:00,-0.836972138413229
2005-09-29 16:00:00,0.21278845316866762
2005-09-30 16:00:00,0.5656747957996324
2005-10-03 16:00:00,0.03372574432114631
2005-10-04 16:00:00,-1.332151572649594
2005-10-05 16:00:00,-2.402016941402451
2005-10-06 16:00:00,-2.251180286933045
2005-10-07 16:00:00,-1.7234223851801937
2005-10-10 16:00:00,-2.121103293177312
2005-10-11 16:00:00,-1.9158284860382973
2005-10-12 16:00:00,-2.094415470044327
2005-10-13 16:00:00,-1.8296728874359047
2005-10-14 16:00:00,-1.0627506176275263
2005-10-17 16:00:00,-0.743324924639305
2005-10-18 16:00:00,-1.3235039992638054
2005-10-19 16:00:00,-0.20146043546840475
2005-10-20 16:00:00,-1.2367783597857989
2005-10-21 16:00:00,-0.896431964962921
2005-10-24 16:00:00,0.1321821489818563
2005-10-25 16:00:00,0.05217192336228484
2005-10-26 16:00:00,-0.08015792300849137
2005-10-27 16:00:00,-0.7588891484812494
2005-10-28 16:00:00,0.5278566630305577
2005-10-31 16:00:00,1.106419699400737
2005-11-01 16:00:00,1.6155778911300118
2005-11-02 16:00:00,2.3774746849518755
2005-11-03 16:00:00,2.2777227657042824
2005-11-04 16:00:00,1.860876788152991
2005-11-07 16:00:00,1.6853926459023085
2005-11-08 16:00:00,1.4871259396400958
2005-11-09 16:00:00,1.4232703076446687
2005-11-10 16:00:00,1.7540449286778985
2005-11-11 16:00:00,1.7287299103926794
2005-11-14 16:00:00,1.4933245849191965
2005-11-15 16:00:00,1.1549395519522212
2005-11-16 16:00:00,1.1572673148826977
2005-11-17 16:00:00,1.5952807860675835
2005-11-18 16:00:00,1.6820802298929407
2005-11-21 16:00:00,1.74341036205565
2005-11-22 16:00:00,1.751982830179411
2005-11-23 16:00:00,1.8357916513737327
2005-11-25 16:00:00,1.7616696994891814
2005-11-28 16:00:00,1.2417355025126373
2005-11-29 16:00:00,1.0837650195477484
2005-11-30 16:00:00,0.6663940476306056
2005-12-01 16:00:00,1.2527931942631787
2005-12-02 16:00:00,1.2153650641098543
2005-12-05 16:00:00,0.9691616108009891
2005-12-06 16:00:00,1.018203426621855
2005-12-07 16:00:00,0.4985288920299372
2005-12-08 16:00:00,0.36515994590326123
2005-12-09 16:00:00,0.5284151218540427
2005-12-12 16:00:00,0.553645935264468
2005-12-13 16:00:00,1.1924328773141013
2005-12-14 16:00:00,1.628776788013165
2005-12-15 16:00:00,1.320600919111817
2005-12-16 16:00:00,0.7483046437742644
2005-12-19 16:00:00,-0.34165426994541326
2005-12-20 16:00:00,-0.22355428132983127
2005-12-21 16:00:00,0.1046220465237496
2005-12-22 16:00:00,1.2172256161070372
2005-12-23 16:00:00,1.2718519140413362
2005-12-27 16:00:00,-0.8980839204491294
2005-12-28 16:00:00,-0.459598299347899
2005-12-29 16:00:00,-1.5672749479354207
2005-12-30 16:00:00,-2.271650193928526
2006-01-03 16:00:00,1.0808507212803222
2006-01-04 16:00:00,1.713286008590805
2006-01-05 16:00:00,1.6095702964758631
2006-01-06 16:00:00,2.3683382661744257
2006-01-09 16:00:00,2.2281512247285953
2006-01-10 16:00:00,1.973135538080476
2006-01-11 16:00:00,1.9568719668080516
2006-01-12 16:00:00,1.3952781989541683
2006-01-13 16:00:00,1.2049474298993177
2006-01-17 16:00:00,0.8832551006032374
2006-01-18 16:00:00,0.48116478286310693
2006-01-19 16:00:00,0.7364244337887571
2006-01-20 16:00:00,-0.9011605291611252
2006-01-23 16:00:00,-0.6031847079410235
2006-01-24 16:00:00,-0.508394024272644
2006-01-25 16:00:00,-0.4241015732030091
2006-01-26 16:00:00,0.005023939108118759
2006-01-27 16:00:00,0.7828101726305918
2006-01-30 16:00:00,0.6409285947753494
2006-01-31 16:00:00,-0.31507390555056597
2006-02-01 16:00:00,0.5206511234807387
2006-02-02 16:00:00,-1.0081160218499716
2006-02-03 16:00:00,-1.5051481183250919
2006-02-06 16:00:00,-1.0700699392490531
2006-02-07 16:00:00,-1.840805090174543
2006-02-08 16:00:00,-0.7442351508731999
2006-02-09 16:00:00,-0.8624746319951172
2006-02-10 16:00:00,-0.567490895996769
2006-02-13 16:00:00,-0.7206666508577053
2006-02-14 16:00:00,0.7776943965249034
2006-02-15 16:00:00,1.2220893904739547
2006-02-16 16:00:00,2.0546797045920173
2006-02-17 16:00:00,1.5128471872800164
2006-02-21 16:00:00,1.085446991260796
2006-02-22 16:00:00,1.5992666590612867
2006-02-23 16:00:00,1.2837614552354735
2006-02-24 16:00:00,1.401785596814957
2006-02-27 16:00:00,1.34629360933584
2006-02-28 16:00:00,0.37964743342693363
2006-03-01 16:00:00,1.1679802298209772
2006-03-02 16:00:00,1.089780574295822
2006-03-03 16:00:00,0.5821837440037462
2006-03-06 16:00:00,0.06991780495260687
2006-03-07 16:00:00,-0.15092865846952544
2006-03-08 16:00:00,-0.047301650430836235
2006-03-09 16:00:00,-0.9558758160810291
2006-03-10 16:00:00,0.17615276064223198
2006-03-13 16:00:00,0.3645572542286971
2006-03-14 16:00:00,2.0884917155938623
2006-03-15 16:00:00,2.383629751663839
2006-03-16 16:00:00,2.2224179398643993
2006-03-17 16:00:00,1.9816308333357524
2006-03-20 16:00:00,1.553938299616863
2006-03-21 16:00:00,0.7270517779513658
2006-03-22 16:00:00,1.3135837823293897
2006-03-23 16:00:00,0.9831053744339562
2006-03-24 16:00:00,0.9863704438734371
2006-03-27 16:00:00,0.7692180006895273
2006-03-28 16:00:00,0.05406675112281468
2006-03-29 16:00:00,0.6854245869829416
2006-03-30 16:00:00,0.445721573668669
2006-03-31 16:00:00,0.4146404887185465
2006-04-03 16:00:00,0.2554495415614251
2006-04-04 16:00:00,0.9304506763171244
2006-04-05 16:00:00,1.261055374843691
2006-04-06 16:00:00,1.2158424072318355
2006-04-07 16:00:00,-0.8086354424846869
2006-04-10 16:00:00,-0.769791747447216
2006-04-11 16:00:00,-2.4791901175203472
2006-04-12 16:00:00,-1.7709252563404403
2006-04-13 16:00:00,-1.7622296114318365
2006-04-17 16:00:00,-1.6111306807390549
2006-04-18 16:00:00,1.2350250495036736
2006-04-19 16:00:00,1.4064205382573371
2006-04-20 16:00:00,1.509690798866452
2006-04-21 16:00:00,1.3938372691159664
2006-04-24 16:00:00,1.0308885465466964
2006-04-25 16:00:00,0.40033972249921734
2006-04-26 16:00:00,0.3663363100191079
2006-04-27 16:00:00,1.014904765178778
2006-04-28 16:00:00,1.350347590676656
2006-05-01 16:00:00,0.1654233672694738
2006-05-02 16:00:00,1.108492403355744
2006-05-03 16:00:00,0.575767939454652
2006-05-04 16:00:00,1.0242558031049531
2006-05-05 16:00:00,1.9114970509378648
2006-05-08 16:00:00,1.5524611751850417
2006-05-09 16:00:00,1.5624245699044932
2006-05-10 16:00:00,1.390338823311288
2006-05-11 16:00:00,-0.06955894880645333
2006-05-12 16:00:00,-1.791607810662867
2006-05-15 16:00:00,-1.7311302688447743
2006-05-16 16:00:00,-1.7147355117480105
2006-05-17 16:00:00,-2.899629340040196
2006-05-18 16:00:00,-2.5500083730833056
2006-05-19 16:00:00,-1.7499479869499668
2006-05-22 16:00:00,-1.9129320811625028
2006-05-23 16:00:00,-1.9885815617601517
2006-05-24 16:00:00,-1.3969923320150968
2006-05-25 16:00:00,-0.7014810955457337
2006-05-26 16:00:00,-0.38798199532223865
2006-05-30 16:00:00,-1.1780155748948118
2006-05-31 16:00:00,-0.5626245191645557
2006-06-01 16:00:00,-0.037736133305558583
2006-06-02 16:00:00,0.12216736852406909
2006-06-05 16:00:00,-0.5795514556992465
2006-06-06 16:00:00,-0.6408147264866474
2006-06-07 16:00:00,-1.0448810043989407
2006-06-08 16:00:00,-1.1083279074054229
2006-06-09 16:00:00,-1.3189338824751269
2006-06-12 16:00:00,-1.9793525370727414
2006-06-13 16:00:00,-2.4325550453601625
2006-06-14 16:00:00,-1.68237837045191
2006-06-15 16:00:00,-0.08513713534943014
2006-06-16 16:00:00,-0.6004446863029683
2006-06-19 16:00:00,-1.0739147059240497
2006-06-20 16:00:00,-0.7741247960301132
2006-06-21 16:00:00,-0.2626032066724289
2006-06-22 16:00:00,-0.5368889833574515
2006-06-23 16:00:00,-0.48258570416466384
2006-06-26 16:00:00,-0.0826249597678764
2006-06-27 16:00:00,-0.6984211861936116
2006-06-28 16:00:00,-0.1210447865400284
2006-06-29 16:00:00,1.616019143723276
2006-06-30 16:00:00,1.821812607585468
2006-07-03 16:00:00,2.00049367475427
2006-07-05 16:00:00,1.4188416026442672
2006-07-06 16:00:00,1.4958562059240956
2006-07-07 16:00:00,0.9102182644840029
2006-07-10 16:00:00,0.9732377587629617
2006-07-11 16:00:00,1.1739518082678873
2006-07-12 16:00:00,0.2923244761428312
2006-07-13 16:00:00,-1.1722529237093053
2006-07-14 16:00:00,-1.3650646876124752
2006-07-17 16:00:00,-1.3775675211414806
2006-07-18 16:00:00,-0.9951491673034171
2006-07-19 16:00:00,0.06579908421416515
2006-07-20 16:00:00,-0.49240689119841385
2006-07-21 16:00:00,-1.0379499608519693
2006-07-24 16:00:00,0.36910779394146437
2006-07-25 16:00:00,0.6066070168675188
2006-07-26 16:00:00,0.6399799431152402
2006-07-27 16:00:00,0.49565565265131567
2006-07-28 16:00:00,1.2981364304636676
2006-07-31 16:00:00,1.1675397108243917
2006-08-01 16:00:00,0.7939193878449434
2006-08-02 16:00:00,1.287195154014607
2006-08-03 16:00:00,1.41754157987888
2006-08-04 16:00:00,1.1847725446824569
2006-08-07 16:00:00,0.959532206052761
2006-08-08 16:00:00,0.6730074889416566
2006-08-09 16:00:00,0.3972375336636369
2006-08-10 16:00:00,0.5498357195401042
2006-08-11 16:00:00,0.2508096129656065
2006-08-14 16:00:00,0.2244640951227732
2006-08-15 16:00:00,1.3291052277766753
2006-08-16 16:00:00,1.9153094445387264
2006-08-17 16:00:00,1.9530759099241526
2006-08-18 16:00:00,2.4009152977768573
2006-08-21 16:00:00,1.7040800900789048
2006-08-22 16:00:00,1.5069754706612764
2006-08-23 16:00:00,1.1118494604157014
2006-08-24 16:00:00,0.9291402825238374
2006-08-25 16:00:00,0.9627494643824829
2006-08-28 16:00:00,1.3025431421357214
2006-08-29 16:00:00,1.2755161257331065
2006-08-30 16:00:00,1.2002253215265029
2006-08-31 16:00:00,1.0795175938527628
2006-09-01 16:00:00,1.4493494167273349
2006-09-05 16:00:00,1.4389148105382563
2006-09-06 16:00:00,0.5966694348545807
2006-09-07 16:00:00,0.09195314341760412
2006-09-08 16:00:00,0.2942463191030396
2006-09-11 16:00:00,0.3138557430899982
2006-09-12 16:00:00,1.87105030298471
2006-09-13 16:00:00,2.3542921983433795
2006-09-14 16:00:00,1.996169202261915
2006-09-15 16:00:00,2.0052766072752277
2006-09-18 16:00:00,1.8790291003265631
2006-09-19 16:00:00,1.3765314926561625
2006-09-20 16:00:00,1.7744340134980208
2006-09-21 16:00:00,1.0826980402241928
2006-09-22 16:00:00,0.634723697962025
2006-09-25 16:00:00,1.4645965654226658
2006-09-26 16:00:00,2.11302214413244
2006-09-27 16:00:00,1.9174111821934783
2006-09-28 16:00:00,1.64809265848087
2006-09-29 16:00:00,1.397756527227237
2006-10-02 16:00:00,0.9339233993752394
2006-10-03 16:00:00,1.0330896236974152
2006-10-04 16:00:00,1.8802722898114592
2006-10-05 16:00:00,1.8727113599517555
2006-10-06 16:00:00,1.6252693426866107
2006-10-09 16:00:00,1.58510366649223
2006-10-10 16:00:00,1.5452903607156014
2006-10-11 16:00:00,1.279369500506174
2006-10-12 16:00:00,1.8655929047312874
2006-10-13 16:00:00,1.8247175039343575
2006-10-16 16:00:00,1.7104312888150934
2006-10-17 16:00:00,1.313183207076947
2006-10-18 16:00:00,1.2829627476046352
2006-10-19 16:00:00,1.3074246075887568
2006-10-20 16:00:00,1.2627491786137752
2006-10-23 16:00:00,1.5703908375436428
2006-10-24 16:00:00,1.6411917366703737
2006-10-25 16:00:00,1.7223156530847583
2006-10-26 16:00:00,1.758894089115019
2006-10-27 16:00:00,1.1145345952791097
2006-10-30 16:00:00,0.9894298190413445
2006-10-31 16:00:00,0.9284206548947523
2006-11-01 16:00:00,0.09592188053504151
2006-11-02 16:00:00,-0.04290829383868857
2006-11-03 16:00:00,-0.35341944864136876
2006-11-06 16:00:00,1.0785988365401356
2006-11-07 16:00:00,1.5142552792978063
2006-11-08 16:00:00,1.770202823485577
2006-11-09 16:00:00,0.8250000350904935
2006-11-10 16:00:00,0.8066154440586961
2006-11-13 16:00:00,1.10259761929471
2006-11-14 16:00:00,2.0488420073946956
2006-11-15 16:00:00,2.1272491656806567
2006-11-16 16:00:00,2.106450344436258
2006-11-17 16:00:00,1.8569448930218204
2006-11-20 16:00:00,1.6762006659759303
2006-11-21 16:00:00,1.5753972301177148
2006-11-22 16:00:00,1.577054527081194
2006-11-24 16:00:00,1.0629873342918064
2006-11-27 16:00:00,-0.3339226542881159
2006-11-28 16:00:00,0.05952759097283144
2006-11-29 16:00:00,1.0113906526392578
2006-11-30 16:00:00,0.9669101211386641
2006-12-01 16:00:00,0.6579103157545988
2006-12-04 16:00:00,1.5496385979155014
2006-12-05 16:00:00,1.8709456493142946
2006-12-06 16:00:00,1.5579895539912785
2006-12-07 16:00:00,0.9139307362951368
2006-12-08 16:00:00,1.060838854424573
2006-12-11 16:00:00,1.366408943147722
2006-12-12 16:00:00,1.1779765914376927
2006-12-13 16:00:00,1.2050909091445703
2006-12-14 16:00:00,2.1085910226095135
2006-12-15 16:00:00,1.8110907617678929
2006-12-18 16:00:00,1.3148160607930275
2006-12-19 16:00:00,1.3684551879921374
2006-12-20 16:00:00,1.1766733863588483
2006-12-21 16:00:00,0.7094449222186624
2006-12-22 16:00:00,0.0030304955325279334
2006-12-26 16:00:00,0.599383009085727
2006-12-27 16:00:00,1.4644692938634947
2006-12-28 16:00:00,1.0471328292002007
2006-12-29 16:00:00,0.30228210090783064
2007-01-03 16:00:00,-0.14069433647147828
2007-01-04 16:00:00,0.23074905962146716
2007-01-05 16:00:00,-1.4151751123041767
2007-01-08 16:00:00,-0.4712783790335953
2007-01-09 16:00:00,-0.759462573690978
2007-01-10 16:00:00,-0.0814413893485284
2007-01-11 16:00:00,0.8971566610569871
2007-01-12 16:00:00,2.2498881659209413
2007-01-16 16:00:00,1.6055256017259059
2007-01-17 16:00:00,1.558495444094674
2007-01-18 16:00:00,0.8778344412068775
2007-01-19 16:00:00,1.1522362974726454
2007-01-22 16:00:00,0.5569818303201952
2007-01-23 16:00:00,1.0344986541618775
2007-01-24 16:00:00,2.056909135856236
2007-01-25 16:00:00,0.10917529796039675
2007-01-26 16:00:00,-0.08316138734926483
2007-01-29 16:00:00,-0.15004209180478348
2007-01-30 16:00:00,0.6937042623104225
2007-01-31 16:00:00,1.604164369840912
2007-02-01 16:00:00,2.1286172494976676
2007-02-02 16:00:00,1.9620691669710983
2007-02-05 16:00:00,1.8213795521571323
2007-02-06 16:00:00,1.657494918203887
2007-02-07 16:00:00,1.7598577388633052
2007-02-08 16:00:00,1.444824831470272
2007-02-09 16:00:00,0.40548212260112354
2007-02-12 16:00:00,-0.059571857758543616
2007-02-13 16:00:00,0.9622305157680316
2007-02-14 16:00:00,1.6036205987532748
2007-02-15 16:00:00,1.5573804318808995
2007-02-16 16:00:00,1.3342462185040138
2007-02-20 16:00:00,1.422686755699101
2007-02-21 16:00:00,1.2428208958506397
2007-02-22 16:00:00,1.0515768610861598
2007-02-23 16:00:00,0.5483996838314067
2007-02-26 16:00:00,0.35883010595903375
2007-02-27 16:00:00,-3.436060756539808
2007-02-28 16:00:00,-2.173720879333378
2007-03-01 16:00:00,-2.054070062135016
2007-03-02 16:00:00,-2.379617705345474
2007-03-05 16:00:00,-2.3386546660941807
2007-03-06 16:00:00,-1.3213016850272457
2007-03-07 16:00:00,-1.2289101763821053
2007-03-08 16:00:00,-0.7515006877928718
2007-03-09 16:00:00,-0.6692753244058982
2007-03-12 16:00:00,-0.5459310949383399
2007-03-13 16:00:00,-1.3125619993117568
2007-03-14 16:00:00,-0.8914009826329262
2007-03-15 16:00:00,-0.7485595829474356
2007-03-16 16:00:00,-0.7910336261116191
2007-03-19 16:00:00,-0.15662062459810414
2007-03-20 16:00:00,0.21521125605647953
2007-03-21 16:00:00,1.2482876752849783
2007-03-22 16:00:00,1.3554929243793201
2007-03-23 16:00:00,1.5738807619391777
2007-03-26 16:00:00,1.6252678484001246
2007-03-27 16:00:00,1.2935073572709828
2007-03-28 16:00:00,0.731074501162524
2007-03-29 16:00:00,0.7417925788836945
2007-03-30 16:00:00,0.6795272611282991
2007-04-02 16:00:00,0.6879375333000147
2007-04-03 16:00:00,1.362360378221818
2007-04-04 16:00:00,1.2996277691594689
2007-04-05 16:00:00,1.3402937117290747
2007-04-09 16:00:00,1.2885306700339991
2007-04-10 16:00:00,1.2286861472860746
2007-04-11 16:00:00,0.8919727416873556
2007-04-12 16:00:00,1.1497847623969948
2007-04-13 16:00:00,1.4375967816143085
2007-04-16 16:00:00,2.200894169170489
2007-04-17 16:00:00,2.1826715464302686
2007-04-18 16:00:00,2.018450414537755
2007-04-19 16:00:00,1.7239328789331299
2007-04-20 16:00:00,2.0752139189174366
2007-04-23 16:00:00,1.5700050301500468
2007-04-24 16:00:00,1.4199806583985894
2007-04-25 16:00:00,1.7523856192591105
2007-04-26 16:00:00,1.627776321399156
2007-04-27 16:00:00,1.437062754648179
2007-04-30 16:00:00,0.8472017117096406
2007-05-01 16:00:00,0.9407079117893966
2007-05-02 16:00:00,1.235060143104655
2007-05-03 16:00:00,1.467037824908796
2007-05-04 16:00:00,1.5689524901060379
2007-05-07 16:00:00,1.4355549988315148
2007-05-08 16:00:00,1.2323557703023635
2007-05-09 16:00:00,1.371722885277085
2007-05-10 16:00:00,0.44445807670778187
2007-05-11 16:00:00,1.1966625932345265
2007-05-14 16:00:00,0.8868439639820069
2007-05-15 16:00:00,0.8424799955886364
2007-05-16 16:00:00,1.5301154284693526
2007-05-17 16:00:00,1.2207137308385958
2007-05-18 16:00:00,2.0183591927356015
2007-05-21 16:00:00,1.7576436231216146
2007-05-22 16:00:00,1.5295428868107075
2007-05-23 16:00:00,1.379530187579343
2007-05-24 16:00:00,0.22439966279711018
2007-05-25 16:00:00,0.664560285986954
2007-05-29 16:00:00,1.0704074885697514
2007-05-30 16:00:00,2.0684113502449937
2007-05-31 16:00:00,1.7247792785656664
2007-06-01 16:00:00,2.0669050725007363
2007-06-04 16:00:00,1.782726172670889
2007-06-05 16:00:00,1.1721119139632197
2007-06-06 16:00:00,-0.16638232033640557
2007-06-07 16:00:00,-2.0261556305208264
2007-06-08 16:00:00,-0.7484637480235683
2007-06-11 16:00:00,-0.5687586639541733
2007-06-12 16:00:00,-1.7284793831235585
2007-06-13 16:00:00,-0.12671503410919252
2007-06-14 16:00:00,0.5575116917988165
2007-06-15 16:00:00,1.0951137651169465
2007-06-18 16:00:00,0.9096957006604703
2007-06-19 16:00:00,1.0952859394181451
2007-06-20 16:00:00,-0.3729867948097736
2007-06-21 16:00:00,0.20794432405927926
2007-06-22 16:00:00,-0.7978466781988095
2007-06-25 16:00:00,-1.214666427107054
2007-06-26 16:00:00,-1.9139943884406034
2007-06-27 16:00:00,-0.5768170400893766
2007-06-28 16:00:00,-0.5262116772029037
2007-06-29 16:00:00,-0.41985534065866975
2007-07-02 16:00:00,0.5445800354874033
2007-07-03 16:00:00,0.9528146082437255
2007-07-05 16:00:00,0.7956026161733102
2007-07-06 16:00:00,1.248829250375286
2007-07-09 16:00:00,1.2012921127014133
2007-07-10 16:00:00,-0.3382091880206502
2007-07-11 16:00:00,0.33937426417664646
2007-07-12 16:00:00,1.8466079279633891
2007-07-13 16:00:00,1.8701506720386634
2007-07-16 16:00:00,1.681878655913401
2007-07-17 16:00:00,1.494776938580881
2007-07-18 16:00:00,1.2619616764135348
2007-07-19 16:00:00,1.4065810870386248
2007-07-20 16:00:00,0.5723160218204488
2007-07-23 16:00:00,0.7250601754747505
2007-07-24 16:00:00,-0.6807265887695136
2007-07-25 16:00:00,-0.703702198990224
2007-07-26 16:00:00,-2.4468049482263154
2007-07-27 16:00:00,-2.9144563164417354
2007-07-30 16:00:00,-1.7949592812489727
2007-07-31 16:00:00,-2.0191277749231666
2007-08-01 16:00:00,-1.5726710837040736
2007-08-02 16:00:00,-1.111910350551345
2007-08-03 16:00:00,-1.8833468027848188
2007-08-06 16:00:00,-1.1247533643511962
2007-08-07 16:00:00,-0.675105208729412
2007-08-08 16:00:00,-0.1262204264861898
2007-08-09 16:00:00,-1.1341408092494252
2007-08-10 16:00:00,-1.1856349190640663
2007-08-13 16:00:00,-0.9598572861959358
2007-08-14 16:00:00,-1.402920629056089
2007-08-15 16:00:00,-1.7287942866287551
2007-08-16 16:00:00,-1.3644385078229695
2007-08-17 16:00:00,-0.564164167330821
2007-08-20 16:00:00,-0.5188703745384193
2007-08-21 16:00:00,-0.3339880884276146
2007-08-22 16:00:00,0.5423939736172111
2007-08-23 16:00:00,0.5319949468010318
2007-08-24 16:00:00,1.2789256355460745
2007-08-27 16:00:00,0.6497902536867559
2007-08-28 16:00:00,-0.8157862326926367
2007-08-29 16:00:00,0.49100946774096904
2007-08-30 16:00:00,0.3481243955641905
2007-08-31 16:00:00,0.9336632612458982
2007-09-04 16:00:00,1.475424899588196
2007-09-05 16:00:00,0.9018475851851271
2007-09-06 16:00:00,1.1601731898573162
2007-09-07 16:00:00,0.17589140790114097
2007-09-10 16:00:00,0.020417157458588922
2007-09-11 16:00:00,0.7569861842945802
2007-09-12 16:00:00,0.8502331915922197
2007-09-13 16:00:00,1.3440229085966253
2007-09-14 16:00:00,1.3334701845144727
2007-09-17 16:00:00,0.7310816016253987
2007-09-18 16:00:00,2.776732573982853
2007-09-19 16:00:00,2.558797676569877
2007-09-20 16:00:00,1.7706736332375004
2007-09-21 16:00:00,1.6857380823311492
2007-09-24 16:00:00,1.4078677190208881
2007-09-25 16:00:00,1.1672551050574163
2007-09-26 16:00:00,1.3623001624040956
2007-09-27 16:00:00,1.5107312659568224
2007-09-28 16:00:00,1.2015953944270112
2007-10-01 16:00:00,1.6130472085373944
2007-10-02 16:00:00,1.3703658071290952
2007-10-03 16:00:00,1.14276232977458
2007-10-04 16:00:00,1.1043625037941935
2007-10-05 16:00:00,1.5631923011559445
2007-10-08 16:00:00,1.2224777990485087
2007-10-09 16:00:00,1.609883487259976
2007-10-10 16:00:00,1.409209765470342
2007-10-11 16:00:00,1.0333153882856574
2007-10-12 16:00:00,1.315219627096026
2007-10-15 16:00:00,0.7086210885328562
2007-10-16 16:00:00,-0.05481110140517256
2007-10-17 16:00:00,0.18035729001839107
2007-10-18 16:00:00,-0.23449781024241617
2007-10-19 16:00:00,-2.3769886915017344
2007-10-22 16:00:00,-1.7708375985367628
2007-10-23 16:00:00,-1.148433048206725
2007-10-24 16:00:00,-1.2551909500731802
2007-10-25 16:00:00,-1.0071560666560744
2007-10-26 16:00:00,-0.121438153720493
2007-10-29 16:00:00,0.14522008459233693
2007-10-30 16:00:00,-0.3803625992116816
2007-10-31 16:00:00,0.41392001471236667
2007-11-01 16:00:00,-1.3001888516337525
2007-11-02 16:00:00,-1.1023011871896298
2007-11-05 16:00:00,-1.4686999939556167
2007-11-06 16:00:00,-0.4562500661586549
2007-11-07 16:00:00,-2.147669819208766
2007-11-08 16:00:00,-2.1051731710198776
2007-11-09 16:00:00,-2.4454800347584165
2007-11-12 16:00:00,-2.4013708917100374
2007-11-13 16:00:00,-0.8760836235825371
2007-11-14 16:00:00,-0.9147607079304726
2007-11-15 16:00:00,-1.4459780844828158
2007-11-16 16:00:00,-1.2477212465067833
2007-11-19 16:00:00,-1.6358410515325166
2007-11-20 16:00:00,-1.2408445529955472
2007-11-21 16:00:00,-1.7687899565420986
2007-11-23 16:00:00,-1.0356591848707424
2007-11-26 16:00:00,-1.6331824916277065
2007-11-27 16:00:00,-1.1380929120719183
2007-11-28 16:00:00,0.1058400142567992
2007-11-29 16:00:00,0.25464584884773217
2007-11-30 16:00:00,0.798369945473836
2007-12-03 16:00:00,0.5711787446707645
2007-12-04 16:00:00,0.17660804057145021
2007-12-05 16:00:00,1.3174244682836744
2007-12-06 16:00:00,1.9657833861173422
2007-12-07 16:00:00,1.7325780082738595
2007-12-10 16:00:00,1.8334136091897262
2007-12-11 16:00:00,0.424436426578103
2007-12-12 16:00:00,0.868771147581061
2007-12-13 16:00:00,0.7370047360158216
2007-12-14 16:00:00,0.10802245518758584
2007-12-17 16:00:00,-0.5539394660379345
2007-12-18 16:00:00,-0.3351461712030693
2007-12-19 16:00:00,-0.3597937659606569
2007-12-20 16:00:00,-0.15516447986037893
2007-12-21 16:00:00,0.5417686484121894
2007-12-24 16:00:00,0.9336505457737175
2007-12-26 16:00:00,1.0561319561263545
2007-12-27 16:00:00,0.041437850481763086
2007-12-28 16:00:00,-0.18121642223007822
2007-12-31 16:00:00,-0.7067213148335061
2008-01-02 16:00:00,-1.2735222216789448
2008-01-03 16:00:00,-1.2617123567888209
2008-01-04 16:00:00,-2.370896454684127
2008-01-07 16:00:00,-2.0503898565972523
2008-01-08 16:00:00,-2.358976973345052
2008-01-09 16:00:00,-1.7014640351366397
2008-01-10 16:00:00,-1.2533774874342318
2008-01-11 16:00:00,-1.4394775586669288
2008-01-14 16:00:00,-0.9879795374276895
2008-01-15 16:00:00,-1.688772634646601
2008-01-16 16:00:00,-1.7550004370109167
2008-01-17 16:00:00,-2.179134927164708
2008-01-18 16:00:00,-2.0593684069730576
2008-01-22 16:00:00,-1.9577604340128536
2008-01-23 16:00:00,-1.2588000801589103
2008-01-24 16:00:00,-0.9673276803087594
2008-01-25 16:00:00,-1.227291833310897
2008-01-28 16:00:00,-0.7271043058873548
2008-01-29 16:00:00,-0.5159918358124972
2008-01-30 16:00:00,-0.6666678212500344
2008-01-31 16:00:00,0.018484725833535293
2008-02-01 16:00:00,0.7451681746133777
2008-02-04 16:00:00,0.29373731870294173
2008-02-05 16:00:00,-0.756735950959372
2008-02-06 16:00:00,-0.9931364804097952
2008-02-07 16:00:00,-0.6407106798049973
2008-02-08 16:00:00,-0.8454908912700724
2008-02-11 16:00:00,-0.5320827165487041
2008-02-12 16:00:00,0.06343320184740085
2008-02-13 16:00:00,0.7598996545728175
2008-02-14 16:00:00,0.2412930226155994
2008-02-15 16:00:00,0.18577764509839337
2008-02-19 16:00:00,0.3033565155396734
2008-02-20 16:00:00,0.4369232559701371
2008-02-21 16:00:00,-0.26552484875210497
2008-02-22 16:00:00,0.2114896600296689
2008-02-25 16:00:00,1.130995563842928
2008-02-26 16:00:00,1.5524248875026891
2008-02-27 16:00:00,1.3351812026290444
2008-02-28 16:00:00,0.5498809495600688
2008-02-29 16:00:00,-0.9924670166783226
2008-03-03 16:00:00,-1.1089912273324667
2008-03-04 16:00:00,-1.2896500922839058
2008-03-05 16:00:00,-0.7672043677939648
2008-03-06 16:00:00,-2.138207430994765
2008-03-07 16:00:00,-2.326001098795381
2008-03-10 16:00:00,-2.4744921063350276
2008-03-11 16:00:00,-0.7049371021615837
2008-03-12 16:00:00,-1.065762256465642
2008-03-13 16:00:00,-0.8720220358152028
2008-03-14 16:00:00,-1.42472873541715
2008-03-17 16:00:00,-1.6282410586149432
2008-03-18 16:00:00,0.08789228937256612
2008-03-19 16:00:00,-0.8795580040662233
2008-03-20 16:00:00,-0.07760524155738607
2008-03-24 16:00:00,0.7822457108352708
2008-03-25 16:00:00,0.8852356287577392
2008-03-26 16:00:00,0.44819569939273246
2008-03-27 16:00:00,0.43030986825572304
2008-03-28 16:00:00,-0.004863501895439135
2008-03-31 16:00:00,0.24165314698019685
2008-04-01 16:00:00,2.082655171151882
2008-04-02 16:00:00,1.8332882280430884
2008-04-03 16:00:00,1.738484523417979
2008-04-04 16:00:00,1.4864705067271995
2008-04-07 16:00:00,1.3519835230920318
2008-04-08 16:00:00,1.2132325227475458
2008-04-09 16:00:00,0.8022690989025302
2008-04-10 16:00:00,0.7807643648514394
2008-04-11 16:00:00,-0.1575627364142026
2008-04-14 16:00:00,-0.41346521261854646
2008-04-15 16:00:00,-0.48456605766965133
2008-04-16 16:00:00,1.0379813553445407
2008-04-17 16:00:00,1.076261833968927
2008-04-18 16:00:00,1.5937047730278602
2008-04-21 16:00:00,1.4478626114474842
2008-04-22 16:00:00,1.064746693295249
2008-04-23 16:00:00,0.8756316889734943
2008-04-24 16:00:00,1.0415878246176238
2008-04-25 16:00:00,1.5364376738375223
2008-04-28 16:00:00,1.4899734969792173
2008-04-29 16:00:00,1.0912553666999822
2008-04-30 16:00:00,0.6241554875142826
2008-05-01 16:00:00,1.7904058258246083
2008-05-02 16:00:00,1.7087751485643554
2008-05-05 16:00:00,1.2804187842473156
2008-05-06 16:00:00,1.5566786749976733
2008-05-07 16:00:00,0.5391884725551173
2008-05-08 16:00:00,0.3476071476888231
2008-05-09 16:00:00,0.15633287638716964
2008-05-12 16:00:00,0.7928896140403842
2008-05-13 16:00:00,0.8318094345715816
2008-05-14 16:00:00,0.9462224165383698
2008-05-15 16:00:00,1.9824379814713022
2008-05-16 16:00:00,1.7884611112662236
2008-05-19 16:00:00,1.7638352672460924
2008-05-20 16:00:00,0.9585643037896834
2008-05-21 16:00:00,-0.6651678214602426
2008-05-22 16:00:00,-0.7248924919103478
2008-05-23 16:00:00,-1.8198673376424053
2008-05-27 16:00:00,-1.0945573582292898
2008-05-28 16:00:00,-0.6959103395715689
2008-05-29 16:00:00,-0.32062092550636506
2008-05-30 16:00:00,-0.05956567740979668
2008-06-02 16:00:00,-0.9451856038280187
2008-06-03 16:00:00,-1.329547181195385
2008-06-04 16:00:00,-1.2454165147889495
2008-06-05 16:00:00,0.4725035398843291
2008-06-06 16:00:00,-2.0249865506028493
2008-06-09 16:00:00,-1.6511076106259948
2008-06-10 16:00:00,-1.729623038215197
2008-06-11 16:00:00,-2.186242548431789
2008-06-12 16:00:00,-1.707481794735426
2008-06-13 16:00:00,-0.9619131487762476
2008-06-16 16:00:00,-0.8518590389255191
2008-06-17 16:00:00,-1.063405770866709
2008-06-18 16:00:00,-1.5427528869995553
2008-06-19 16:00:00,-1.31172452663864
2008-06-20 16:00:00,-1.963615445416165
2008-06-23 16:00:00,-1.7401029088080702
2008-06-24 16:00:00,-1.6102630629096077
2008-06-25 16:00:00,-1.2468115596435883
2008-06-26 16:00:00,-2.152696570309721
2008-06-27 16:00:00,-2.06787838160726
2008-06-30 16:00:00,-1.6998500359559257
2008-07-01 16:00:00,-1.412708549637767
2008-07-02 16:00:00,-1.8019461317952838
2008-07-03 16:00:00,-1.6659154246447254
2008-07-07 16:00:00,-1.7811209034922535
2008-07-08 16:00:00,-1.0511295590817047
2008-07-09 16:00:00,-1.5582620204551354
2008-07-10 16:00:00,-1.2688072701980644
2008-07-11 16:00:00,-1.475328796664315
2008-07-14 16:00:00,-1.5943412551413303
2008-07-15 16:00:00,-1.8341533490481
2008-07-16 16:00:00,-0.9914674026703064
2008-07-17 16:00:00,-0.5784904111077616
2008-07-18 16:00:00,-0.26367180035286153
2008-07-21 16:00:00,-0.1628685785360146
2008-07-22 16:00:00,0.45141673641871743
2008-07-23 16:00:00,0.8456023291756085
2008-07-24 16:00:00,-0.1667907908951213
2008-07-25 16:00:00,-0.11838646097816571
2008-07-28 16:00:00,-0.9930397643975037
2008-07-29 16:00:00,0.4702928518787226
2008-07-30 16:00:00,1.7035937553490283
2008-07-31 16:00:00,0.740992946338002
2008-08-01 16:00:00,0.37989383390709947
2008-08-04 16:00:00,-0.2521398627680654
2008-08-05 16:00:00,1.4910054728103184
2008-08-06 16:00:00,1.566409309886553
2008-08-07 16:00:00,0.5854786232895127
2008-08-08 16:00:00,1.5259581632095627
2008-08-11 16:00:00,1.8879590068873617
2008-08-12 16:00:00,1.278958369037479
2008-08-13 16:00:00,0.7906731621770313
2008-08-14 16:00:00,1.19779697589974
2008-08-15 16:00:00,1.3716512795389506
2008-08-18 16:00:00,0.3821314495705324
2008-08-19 16:00:00,-0.3478944294164868
2008-08-20 16:00:00,-0.021896228565675288
2008-08-21 16:00:00,0.034040214731931286
2008-08-22 16:00:00,0.9579348483231614
2008-08-25 16:00:00,-0.7285447076131364
2008-08-26 16:00:00,-0.5374483255056494
2008-08-27 16:00:00,0.31874808193711635
2008-08-28 16:00:00,1.2598550605860261
2008-08-29 16:00:00,0.23305670517106059
2008-09-02 16:00:00,-0.5624913901089422
2008-09-03 16:00:00,-0.6318039749993439
2008-09-04 16:00:00,-2.842857595649868
2008-09-05 16:00:00,-2.1903148641363552
2008-09-08 16:00:00,-0.6410660163812619
2008-09-09 16:00:00,-2.3227133061781795
2008-09-10 16:00:00,-1.7785453606488348
2008-09-11 16:00:00,-0.8403663312471652
2008-09-12 16:00:00,-0.49993462289167
2008-09-15 16:00:00,-2.640005910029597
2008-09-16 16:00:00,-1.5989511840036674
2008-09-17 16:00:00,-2.6971758988024686
2008-09-18 16:00:00,-1.481571171656405
2008-09-19 16:00:00,-0.11838297144672218
2008-09-22 16:00:00,-0.8274917656568164
2008-09-23 16:00:00,-1.4387298359539906
2008-09-24 16:00:00,-1.1993827074964467
2008-09-25 16:00:00,-0.623603494285724
2008-09-26 16:00:00,-0.5314105679780655
2008-09-29 16:00:00,-2.6643387586383827
2008-09-30 16:00:00,-1.3444708248287558
2008-10-01 16:00:00,-1.2169789668155717
2008-10-02 16:00:00,-1.961355074722376
2008-10-03 16:00:00,-1.9594321745340704
2008-10-06 16:00:00,-2.522672709181835
2008-10-07 16:00:00,-2.5757916885086787
2008-10-08 16:00:00,-2.3503808117171623
2008-10-09 16:00:00,-2.511663366396883
2008-10-10 16:00:00,-2.2521307835234334
2008-10-13 16:00:00,-0.9426472385693828
2008-10-14 16:00:00,-0.9789724302511259
2008-10-15 16:00:00,-1.6449415777628003
2008-10-16 16:00:00,-1.189463743332643
2008-10-17 16:00:00,-1.126645475934994
2008-10-20 16:00:00,-0.5698174768817426
2008-10-21 16:00:00,-0.7514750722305026
2008-10-22 16:00:00,-1.1221319081990895
2008-10-23 16:00:00,-0.9446464467607442
2008-10-24 16:00:00,-1.3288692153312867
2008-10-27 16:00:00,-1.4853251504748115
2008-10-28 16:00:00,-0.3754065241359193
2008-10-29 16:00:00,-0.3750519926261753
2008-10-30 16:00:00,0.1977298157815124
2008-10-31 16:00:00,0.4710680517799907
2008-11-03 16:00:00,0.6686024597663052
2008-11-04 16:00:00,1.3665707012116786
2008-11-05 16:00:00,0.4829190411753107
2008-11-06 16:00:00,-0.6699229656800553
2008-11-07 16:00:00,-0.08298594699601976
2008-11-10 16:00:00,-0.2817718659744663
2008-11-11 16:00:00,-0.8881580778238474
2008-11-12 16:00:00,-1.709708559283779
2008-11-13 16:00:00,-0.4167800852833794
2008-11-14 16:00:00,-1.3363526145610602
2008-11-17 16:00:00,-1.4353133415052979
2008-11-18 16:00:00,-0.9760619207555092
2008-11-19 16:00:00,-1.8870794942836326
2008-11-20 16:00:00,-2.4073661926843912
2008-11-21 16:00:00,-1.5756848484557189
2008-11-24 16:00:00,-0.7507509146545382
2008-11-25 16:00:00,-0.5924503847543141
2008-11-26 16:00:00,-0.05300880011932778
2008-11-28 16:00:00,0.17421426666875037
2008-12-01 16:00:00,-1.00119502319398
2008-12-02 16:00:00,-0.4135732093541122
2008-12-03 16:00:00,0.05994822410222624
2008-12-04 16:00:00,-0.26082696209813055
2008-12-05 16:00:00,0.364698038545081
2008-12-08 16:00:00,1.150301336595632
2008-12-09 16:00:00,0.8707613278577069
2008-12-10 16:00:00,1.0138837522872286
2008-12-11 16:00:00,0.4429236152714283
2008-12-12 16:00:00,0.7545532261533265
2008-12-15 16:00:00,0.420610134801024
2008-12-16 16:00:00,1.3215627577396236
2008-12-17 16:00:00,1.028944018538286
2008-12-18 16:00:00,0.5567422905758613
2008-12-19 16:00:00,0.39635638490354563
2008-12-22 16:00:00,-0.1345383012455543
2008-12-23 16:00:00,-0.5647747828657915
2008-12-24 16:00:00,-0.39616968127182073
2008-12-26 16:00:00,-0.14987347257869174
2008-12-29 16:00:00,-0.2129711861521336
2008-12-30 16:00:00,0.69764083109801
2008-12-31 16:00:00,1.3239000080729224
2009-01-02 16:00:00,2.3544466729166276
2009-01-05 16:00:00,2.04948841198884
2009-01-06 16:00:00,1.9827877788903177
2009-01-07 16:00:00,0.7075902848808322
2009-01-08 16:00:00,0.8058418758066717
2009-01-09 16:00:00,-0.046976314092448075
2009-01-12 16:00:00,-0.9792403878179138
2009-01-13 16:00:00,-0.868420313507624
2009-01-14 16:00:00,-1.837419527279799
2009-01-15 16:00:00,-1.5989943152178399
2009-01-16 16:00:00,-1.2120610758265304
2009-01-20 16:00:00,-2.2808641070859683
2009-01-21 16:00:00,-1.1087981640447104
2009-01-22 16:00:00,-1.3561375424085202
2009-01-23 16:00:00,-1.1693070694693368
2009-01-26 16:00:00,-0.951075888370006
2009-01-27 16:00:00,-0.6829286981919315
2009-01-28 16:00:00,0.05883734420806298
2009-01-29 16:00:00,-0.6228955052351958
2009-01-30 16:00:00,-0.9696446293010179
2009-02-02 16:00:00,-0.9512168845481335
2009-02-03 16:00:00,-0.561980804677806
2009-02-04 16:00:00,-0.6344872867353256
2009-02-05 16:00:00,-0.08719573645331369
2009-02-06 16:00:00,1.181423396900582
2009-02-09 16:00:00,1.4238442807882006
2009-02-10 16:00:00,-0.6657188292471146
2009-02-11 16:00:00,-0.3156104343954478
2009-02-12 16:00:00,-0.254613548909952
2009-02-13 16:00:00,-0.7416605929958968
2009-02-17 16:00:00,-2.2934954478481484
2009-02-18 16:00:00,-2.1769300718640823
2009-02-19 16:00:00,-2.1201360448209803
2009-02-20 16:00:00,-2.040797575395725
2009-02-23 16:00:00,-2.3872452975832843
2009-02-24 16:00:00,-1.37553851540032
2009-02-25 16:00:00,-1.3771076426456859
2009-02-26 16:00:00,-1.546340690589661
2009-02-27 16:00:00,-1.7328075980350437
2009-03-02 16:00:00,-2.110603864554269
2009-03-03 16:00:00,-1.8855829271399627
2009-03-04 16:00:00,-1.385544115652087
2009-03-05 16:00:00,-1.6898404693354323
2009-03-06 16:00:00,-1.4840508701842205
2009-03-09 16:00:00,-1.4853221892280528
2009-03-10 16:00:00,-0.700787536352622
2009-03-11 16:00:00,-0.5350007251520101
2009-03-12 16:00:00,0.14007132758743565
2009-03-13 16:00:00,0.3970104674704952
2009-03-16 16:00:00,0.48425516334297636
2009-03-17 16:00:00,1.1737086980583906
2009-03-18 16:00:00,1.6315220303278604
2009-03-19 16:00:00,1.3221626463573901
2009-03-20 16:00:00,0.8593814582646069
2009-03-23 16:00:00,2.0161336062803326
2009-03-24 16:00:00,1.492919134525029
2009-03-25 16:00:00,1.5325878796134986
2009-03-26 16:00:00,1.6652698148949332
2009-03-27 16:00:00,1.2270995789733183
2009-03-30 16:00:00,0.6061831149287105
2009-03-31 16:00:00,0.6730409186679099
2009-04-01 16:00:00,0.8917614009810335
2009-04-02 16:00:00,1.278099437990398
2009-04-03 16:00:00,1.369098998665801
2009-04-06 16:00:00,1.2110252473098406
2009-04-07 16:00:00,0.6232279653342087
2009-04-08 16:00:00,0.8413733934890654
2009-04-09 16:00:00,1.7772618781439224
2009-04-13 16:00:00,1.6286894027562222
2009-04-14 16:00:00,1.0554087728635113
2009-04-15 16:00:00,1.2779570677027772
2009-04-16 16:00:00,1.5606315012039242
2009-04-17 16:00:00,1.5980856956067475
2009-04-20 16:00:00,0.14103595994311383
2009-04-21 16:00:00,0.7819715576215732
2009-04-22 16:00:00,0.4878606008324854
2009-04-23 16:00:00,0.7726438041835108
2009-04-24 16:00:00,1.2157955413953854
2009-04-27 16:00:00,0.7814572358313011
2009-04-28 16:00:00,0.6032770020809908
2009-04-29 16:00:00,1.5140421693220047
2009-04-30 16:00:00,1.4584162057779035
2009-05-01 16:00:00,1.5522803434116774
2009-05-04 16:00:00,2.5450387267622525
2009-05-05 16:00:00,2.0151465951328897
2009-05-06 16:00:00,2.3163275455263443
2009-05-07 16:00:00,1.6221317075155404
2009-05-08 16:00:00,2.0630953588226206
2009-05-11 16:00:00,1.2844799012532437
2009-05-12 16:00:00,1.0758126430019022
2009-05-13 16:00:00,0.22345937638928845
2009-05-14 16:00:00,0.44185712403890526
2009-05-15 16:00:00,0.15452782363620565
2009-05-18 16:00:00,0.9813517007742765
2009-05-19 16:00:00,0.8502450252107527
2009-05-20 16:00:00,0.5351867261998555
2009-05-21 16:00:00,-0.1193564658492238
2009-05-22 16:00:00,-0.27857140560948196
2009-05-26 16:00:00,0.7792092733712602
2009-05-27 16:00:00,-0.25267111742737247
2009-05-28 16:00:00,0.48093400918290113
2009-05-29 16:00:00,1.5072495079491341
2009-06-01 16:00:00,2.590230325202748
2009-06-02 16:00:00,2.16024723121311
2009-06-03 16:00:00,1.3253106944901711
2009-06-04 16:00:00,1.6177592018141342
2009-06-05 16:00:00,1.4460877233176763
2009-06-08 16:00:00,1.1984474478388767
2009-06-09 16:00:00,1.2791226213069609
2009-06-10 16:00:00,1.0688449863664455
2009-06-11 16:00:00,1.134948679690804
2009-06-12 16:00:00,1.133084977066136
2009-06-15 16:00:00,0.09902214188385178
2009-06-16 16:00:00,-0.5117755184906552
2009-06-17 16:00:00,-0.5667022206855412
2009-06-18 16:00:00,-0.2955476056592822
2009-06-19 16:00:00,-0.23123386392618042
2009-06-22 16:00:00,-1.839432616322441
2009-06-23 16:00:00,-1.66611508163877
2009-06-24 16:00:00,-1.330906338630345
2009-06-25 16:00:00,-0.2797578929856602
2009-06-26 16:00:00,-0.41620824501973114
2009-06-29 16:00:00,0.1321934750990766
2009-06-30 16:00:00,-0.25524520132781636
2009-07-01 16:00:00,0.005275193474410867
2009-07-02 16:00:00,-1.3969217934274316
2009-07-06 16:00:00,-1.2654023667010814
2009-07-07 16:00:00,-1.9657189387180425
2009-07-08 16:00:00,-1.7569506676544158
2009-07-09 16:00:00,-1.49710133994892
2009-07-10 16:00:00,-1.4763745780610562
2009-07-13 16:00:00,-0.2415852157100609
2009-07-14 16:00:00,0.13436347348820588
2009-07-15 16:00:00,1.6230311499922367
2009-07-16 16:00:00,1.3962661306491158
2009-07-17 16:00:00,1.7509881377304508
2009-07-20 16:00:00,1.9614464935881872
2009-07-21 16:00:00,1.848528825297064
2009-07-22 16:00:00,1.6088551183017628
2009-07-23 16:00:00,2.034142498306594
2009-07-24 16:00:00,1.8614422159646158
2009-07-27 16:00:00,1.6982333787319455
2009-07-28 16:00:00,1.403961746503149
2009-07-29 16:00:00,1.2086750906519317
2009-07-30 16:00:00,1.3269602005288696
2009-07-31 16:00:00,1.2231601730892114
2009-08-03 16:00:00,1.4432551057746938
2009-08-04 16:00:00,1.3712314311232316
2009-08-05 16:00:00,1.2019344092387756
2009-08-06 16:00:00,1.0007434113045637
2009-08-07 16:00:00,1.3154703941432673
2009-08-10 16:00:00,1.1905512995496887
2009-08-11 16:00:00,0.7222629984518423
2009-08-12 16:00:00,1.0550640552719521
2009-08-13 16:00:00,1.314022555594696
2009-08-14 16:00:00,0.9032191352884954
2009-08-17 16:00:00,-0.4720536583263511
2009-08-18 16:00:00,-0.14852521918272815
2009-08-19 16:00:00,0.32003788129180594
2009-08-20 16:00:00,1.017732552679938
2009-08-21 16:00:00,2.177955144284322
2009-08-24 16:00:00,1.8702495711059253
2009-08-25 16:00:00,1.7823234470916844
2009-08-26 16:00:00,1.6455280141268813
2009-08-27 16:00:00,1.602711208274643
2009-08-28 16:00:00,1.4364426315908974
2009-08-31 16:00:00,0.7571877973614899
2009-09-01 16:00:00,-0.6897773895226943
2009-09-02 16:00:00,-0.9039671969553301
2009-09-03 16:00:00,-0.40929521313998823
2009-09-04 16:00:00,0.4775287739304657
2009-09-08 16:00:00,0.9557031902272232
2009-09-09 16:00:00,1.2996502523677924
2009-09-10 16:00:00,1.6955352412889884
2009-09-11 16:00:00,1.4916013781130024
2009-09-14 16:00:00,1.547509728274286
2009-09-15 16:00:00,1.6464846127497308
2009-09-16 16:00:00,2.1603749072019096
2009-09-17 16:00:00,1.8349239094419338
2009-09-18 16:00:00,1.6418804810060097
2009-09-21 16:00:00,1.3572657073359091
2009-09-22 16:00:00,1.4442362836266878
2009-09-23 16:00:00,0.9771940705043554
2009-09-24 16:00:00,0.45586172814132886
2009-09-25 16:00:00,0.19892221221908124
2009-09-28 16:00:00,0.872871384486352
2009-09-29 16:00:00,0.6715424918700961
2009-09-30 16:00:00,0.42878982186888115
2009-10-01 16:00:00,-0.9646029095933432
2009-10-02 16:00:00,-1.4635531735099274
2009-10-05 16:00:00,-0.6894052199003086
2009-10-06 16:00:00,0.22299004064762273
2009-10-07 16:00:00,0.3656807931805934
2009-10-08 16:00:00,0.9019190570369354
2009-10-09 16:00:00,1.2623553507506864
2009-10-12 16:00:00,1.403427076930936
2009-10-13 16:00:00,1.1257049394871077
2009-10-14 16:00:00,2.060079002499796
2009-10-15 16:00:00,1.9703594591928277
2009-10-16 16:00:00,1.3873992849174237
2009-10-19 16:00:00,1.6325120898420273
2009-10-20 16:00:00,1.24782770867019
2009-10-21 16:00:00,0.7367371258764844
2009-10-22 16:00:00,1.114200258113229
2009-10-23 16:00:00,0.4908675604597304
2009-10-26 16:00:00,-0.0628552652849264
2009-10-27 16:00:00,-0.2961043859920561
2009-10-28 16:00:00,-1.1652078517560522
2009-10-29 16:00:00,-0.26563454989479535
2009-10-30 16:00:00,-1.943279961788167
2009-11-02 16:00:00,-1.5723413349137205
2009-11-03 16:00:00,-1.3330899623204613
2009-11-04 16:00:00,-1.1469150690195604
2009-11-05 16:00:00,-0.16787853935390837
2009-11-06 16:00:00,-0.024941170640708065
2009-11-09 16:00:00,1.1312499863278174
2009-11-10 16:00:00,1.0554135357247996
2009-11-11 16:00:00,1.2718199892436224
2009-11-12 16:00:00,0.7795010996505136
2009-11-13 16:00:00,1.0250914128707986
2009-11-16 16:00:00,1.6527036671860715
2009-11-17 16:00:00,1.5696163574959328
2009-11-18 16:00:00,1.3994413381537425
2009-11-19 16:00:00,0.8067209568605617
2009-11-20 16:00:00,0.6201635972979965
2009-11-23 16:00:00,1.0557546865411755
2009-11-24 16:00:00,1.0137743616718586
2009-11-25 16:00:00,1.0588515772904141
2009-11-27 16:00:00,0.31357192052920535
2009-11-30 16:00:00,0.3767381978010858
2009-12-01 16:00:00,0.9247369564377088
2009-12-02 16:00:00,0.8657524669053408
2009-12-03 16:00:00,0.2672908212469709
2009-12-04 16:00:00,0.7164498442696067
2009-12-07 16:00:00,0.5248689808345627
2009-12-08 16:00:00,-1.0335479857067147
2009-12-09 16:00:00,-0.5546407096748444
2009-12-10 16:00:00,0.21799856383783733
2009-12-11 16:00:00,0.7646708901747745
2009-12-14 16:00:00,1.6391369203236792
2009-12-15 16:00:00,0.8929835895843584
2009-12-16 16:00:00,1.0981842287072319
2009-12-17 16:00:00,-0.6455531535295007
2009-12-18 16:00:00,0.1400035158933337
2009-12-21 16:00:00,1.592940622223934
2009-12-22 16:00:00,1.8662831133502733
2009-12-23 16:00:00,1.8481223668066562
2009-12-24 16:00:00,2.075823095112194
2009-12-28 16:00:00,2.0136873941215097
2009-12-29 16:00:00,1.6465774760117105
2009-12-30 16:00:00,1.4328299592411715
